,HS
0,1
1,0
2,0
3,0
4,1
5,1
6,0
7,0
8,0
9,0
10,1
11,1
12,0
13,1
14,1
15,1
16,0
17,0
18,1
19,0
20,0
21,0
22,0
23,0
24,0
25,0
26,1
27,0
28,1
29,1
30,1
31,0
32,0
33,0
34,0
35,1
36,0
37,0
38,0
39,0
40,1
41,0
42,1
43,0
44,0
45,0
46,0
47,0
48,1
49,1
50,1
51,1
52,1
53,0
54,1
55,1
56,0
57,1
58,0
59,0
60,0
61,0
62,1
63,0
64,0
65,0
66,0
67,0
68,1
69,0
70,1
71,1
72,0
73,0
74,1
75,0
76,1
77,1
78,0
79,1
80,0
81,1
82,0
83,0
84,1
85,0
86,0
87,1
88,0
89,1
90,0
91,1
92,0
93,0
94,1
95,1
96,1
97,0
98,0
99,0
100,1
101,0
102,1
103,1
104,0
105,1
106,0
107,0
108,0
109,0
110,0
111,0
112,1
113,0
114,0
115,0
116,0
117,0
118,0
119,1
120,1
121,0
122,1
123,1
124,0
125,0
126,0
127,0
128,1
129,1
130,0
131,0
132,1
133,1
134,1
135,1
136,1
137,1
138,0
139,0
140,1
141,1
142,0
143,0
144,0
145,0
146,0
147,0
148,1
149,1
150,1
151,1
152,1
153,1
154,1
155,1
156,0
157,1
158,0
159,0
160,1
161,1
162,0
163,0
164,1
165,0
166,0
167,0
168,1
169,1
170,0
171,0
172,0
173,0
174,0
175,0
176,1
177,0
178,0
179,1
180,0
181,0
182,0
183,0
184,1
185,1
186,1
187,0
188,0
189,0
190,1
191,1
192,0
193,0
194,0
195,1
196,0
197,0
198,0
199,1
200,0
201,0
202,0
203,0
204,1
205,1
206,0
207,1
208,1
209,1
210,1
211,0
212,0
213,0
214,0
215,1
216,0
217,1
218,1
219,0
220,0
221,1
222,0
223,1
224,0
225,0
226,1
227,1
228,1
229,0
230,0
231,0
232,1
233,0
234,0
235,0
236,0
237,0
238,1
239,0
240,1
241,0
242,1
243,0
244,1
245,0
246,1
247,1
248,1
249,0
250,1
251,0
252,1
253,1
254,0
255,1
256,0
257,0
258,0
259,1
260,1
261,1
262,1
263,1
264,0
265,0
266,0
267,1
268,0
269,0
270,0
271,1
272,0
273,1
274,0
275,1
276,1
277,0
278,1
279,1
280,0
281,0
282,1
283,0
284,0
285,0
286,0
287,1
288,1
289,0
290,0
291,0
292,0
293,1
294,1
295,0
296,1
297,1
298,1
299,0
300,1
301,1
302,0
303,0
304,0
305,0
306,0
307,0
308,0
309,1
310,0
311,0
312,1
313,0
314,0
315,0
316,0
317,1
318,0
319,0
320,0
321,0
322,0
323,1
324,1
325,1
326,1
327,1
328,0
329,1
330,0
331,1
332,1
333,1
334,1
335,0
336,0
337,1
338,0
339,1
340,0
341,0
342,1
343,0
344,0
345,1
346,0
347,0
348,1
349,1
350,0
351,1
352,1
353,1
354,0
355,1
356,1
357,0
358,0
359,1
360,1
361,1
362,0
363,1
364,0
365,1
366,1
367,1
368,0
369,0
370,1
371,1
372,0
373,0
374,0
375,1
376,0
377,0
378,0
379,0
380,0
381,1
382,1
383,0
384,0
385,0
386,0
387,0
388,1
389,1
390,0
391,0
392,0
393,0
394,0
395,0
396,1
397,1
398,1
399,0
400,1
401,1
402,0
403,0
404,0
405,1
406,0
407,0
408,1
409,0
410,0
411,0
412,0
413,0
414,0
415,1
416,0
417,1
418,0
419,1
420,1
421,0
422,0
423,0
424,1
425,0
426,1
427,1
428,0
429,0
430,0
431,0
432,0
433,0
434,0
435,0
436,0
437,0
438,1
439,1
440,0
441,1
442,1
443,0
444,1
445,1
446,0
447,1
448,1
449,0
450,0
451,0
452,1
453,0
454,1
455,0
456,0
457,0
458,1
459,0
460,0
461,1
462,0
463,0
464,0
465,0
466,1
467,0
468,1
469,1
470,0
471,1
472,1
473,1
474,1
475,0
476,0
477,0
478,1
479,0
480,1
481,0
482,0
483,1
484,0
485,1
486,0
487,0
488,0
489,1
490,0
491,0
492,0
493,0
494,0
495,1
496,0
497,0
498,0
499,1
500,0
501,1
502,0
503,1
504,0
505,0
506,0
507,0
508,0
509,1
510,1
511,1
512,0
513,1
514,0
515,1
516,0
517,0
518,1
519,1
520,0
521,0
522,1
523,1
524,1
525,0
526,1
527,0
528,1
529,0
530,0
531,1
532,0
533,0
534,0
535,0
536,0
537,1
538,1
539,0
540,1
541,1
542,1
543,0
544,0
545,0
546,0
547,0
548,0
549,1
550,1
551,0
552,1
553,1
554,0
555,0
556,1
557,1
558,1
559,0
560,0
561,0
562,1
563,1
564,1
565,1
566,0
567,0
568,0
569,1
570,1
571,1
572,0
573,0
574,1
575,1
576,1
577,1
578,1
579,0
580,0
581,0
582,1
583,1
584,1
585,1
586,0
587,0
588,0
589,1
590,1
591,0
592,0
593,0
594,1
595,1
596,0
597,0
598,1
599,0
600,0
601,1
602,0
603,0
604,1
605,0
606,1
607,0
608,0
609,0
610,0
611,1
612,1
613,0
614,0
615,0
616,1
617,0
618,1
619,0
620,0
621,0
622,1
623,0
624,1
625,0
626,0
627,1
628,1
629,0
630,0
631,0
632,0
633,0
634,0
635,1
636,0
637,0
638,1
639,0
640,1
641,0
642,0
643,0
644,0
645,1
646,1
647,0
648,0
649,0
650,1
651,1
652,1
653,1
654,0
655,1
656,1
657,1
658,1
659,1
660,0
661,0
662,1
663,0
664,1
665,0
666,0
667,0
668,0
669,0
670,0
671,1
672,1
673,0
674,0
675,1
676,1
677,1
678,0
679,0
680,0
681,1
682,1
683,0
684,1
685,0
686,0
687,1
688,1
689,0
690,0
691,0
692,1
693,1
694,1
695,1
696,0
697,1
698,1
699,1
700,0
701,1
702,0
703,0
704,0
705,1
706,1
707,0
708,1
709,1
710,0
711,0
712,1
713,0
714,0
715,1
716,0
717,0
718,1
719,0
720,0
721,0
722,1
723,0
724,0
725,1
726,0
727,0
728,0
729,0
730,1
731,1
732,1
733,0
734,1
735,0
736,0
737,1
738,0
739,0
740,1
741,1
742,1
743,0
744,0
745,0
746,1
747,1
748,0
749,1
750,0
751,0
752,1
753,1
754,1
755,1
756,0
757,1
758,0
759,0
760,0
761,1
762,0
763,1
764,1
765,0
766,0
767,0
768,0
769,0
770,0
771,1
772,1
773,1
774,0
775,1
776,1
777,0
778,0
779,0
780,1
781,0
782,1
783,0
784,1
785,0
786,1
787,1
788,0
789,1
790,0
791,1
792,0
793,1
794,0
795,1
796,1
797,0
798,0
799,0
800,0
801,1
802,0
803,1
804,0
805,1
806,0
807,0
808,1
809,0
810,0
811,0
812,0
813,1
814,0
815,0
816,1
817,1
818,0
819,0
820,0
821,1
822,0
823,0
824,0
825,0
826,1
827,1
828,0
829,0
830,0
831,0
832,0
833,1
834,1
835,0
836,0
837,0
838,0
839,1
840,0
841,1
842,0
843,1
844,0
845,0
846,0
847,1
848,0
849,0
850,1
851,0
852,1
853,1
854,1
855,0
856,1
857,1
858,1
859,1
860,0
861,1
862,0
863,1
864,1
865,1
866,0
867,1
868,0
869,0
870,0
871,0
872,1
873,0
874,0
875,0
876,1
877,0
878,0
879,0
880,1
881,0
882,1
883,0
884,0
885,1
886,0
887,1
888,1
889,1
890,0
891,1
892,1
893,0
894,0
895,0
896,0
897,0
898,0
899,0
900,0
901,0
902,1
903,1
904,0
905,1
906,0
907,0
908,0
909,0
910,0
911,1
912,0
913,1
914,0
915,0
916,0
917,1
918,1
919,1
920,1
921,0
922,1
923,0
924,0
925,0
926,1
927,0
928,1
929,0
930,0
931,0
932,0
933,1
934,0
935,1
936,0
937,0
938,0
939,1
940,0
941,0
942,1
943,1
944,0
945,0
946,0
947,0
948,1
949,1
950,0
951,1
952,0
953,0
954,0
955,0
956,1
957,0
958,0
959,0
960,0
961,1
962,1
963,1
964,1
965,0
966,1
967,1
968,0
969,0
970,1
971,1
972,1
973,1
974,1
975,1
976,0
977,1
978,1
979,0
980,0
981,1
982,1
983,0
984,1
985,0
986,1
987,0
988,1
989,1
990,0
991,1
992,1
993,1
994,0
995,1
996,0
997,0
998,1
999,0
1000,1
1001,1
1002,1
1003,0
1004,1
1005,0
1006,1
1007,0
1008,0
1009,1
1010,1
1011,0
1012,0
1013,1
1014,1
1015,1
1016,0
1017,1
1018,1
1019,0
1020,0
1021,0
1022,1
1023,1
1024,1
1025,0
1026,0
1027,0
1028,0
1029,0
1030,0
1031,0
1032,0
1033,1
1034,0
1035,1
1036,0
1037,0
1038,0
1039,1
1040,1
1041,0
1042,1
1043,1
1044,0
1045,0
1046,0
1047,1
1048,1
1049,1
1050,1
1051,1
1052,0
1053,0
1054,1
1055,0
1056,1
1057,1
1058,1
1059,0
1060,0
1061,0
1062,1
1063,0
1064,0
1065,0
1066,0
1067,1
1068,0
1069,0
1070,0
1071,1
1072,0
1073,0
1074,0
1075,0
1076,1
1077,1
1078,1
1079,0
1080,0
1081,1
1082,1
1083,0
1084,1
1085,1
1086,1
1087,1
1088,0
1089,1
1090,1
1091,1
1092,1
1093,1
1094,0
1095,0
1096,0
1097,1
1098,0
1099,1
1100,0
1101,1
1102,0
1103,1
1104,1
1105,0
1106,0
1107,0
1108,0
1109,0
1110,0
1111,1
1112,1
1113,1
1114,0
1115,0
1116,0
1117,0
1118,0
1119,1
1120,0
1121,1
1122,1
1123,1
1124,1
1125,1
1126,0
1127,0
1128,0
1129,0
1130,1
1131,1
1132,0
1133,0
1134,0
1135,1
1136,1
1137,0
1138,1
1139,0
1140,1
1141,0
1142,0
1143,1
1144,0
1145,0
1146,1
1147,1
1148,0
1149,1
1150,0
1151,1
1152,0
1153,0
1154,0
1155,0
1156,0
1157,1
1158,1
1159,0
1160,1
1161,0
1162,0
1163,0
1164,1
1165,0
1166,0
1167,1
1168,1
1169,0
1170,0
1171,0
1172,1
1173,1
1174,1
1175,1
1176,1
1177,1
1178,1
1179,0
1180,1
1181,0
1182,0
1183,1
1184,0
1185,0
1186,0
1187,0
1188,1
1189,1
1190,1
1191,0
1192,0
1193,0
1194,1
1195,0
1196,0
1197,1
1198,0
1199,1
1200,1
1201,0
1202,0
1203,0
1204,0
1205,0
1206,1
1207,0
1208,0
1209,0
1210,0
1211,1
1212,0
1213,0
1214,0
1215,0
1216,0
1217,0
1218,0
1219,1
1220,1
1221,0
1222,1
1223,0
1224,1
1225,0
1226,0
1227,1
1228,1
1229,0
1230,0
1231,0
1232,1
1233,0
1234,0
1235,0
1236,1
1237,1
1238,0
1239,0
1240,1
1241,0
1242,1
1243,1
1244,1
1245,0
1246,0
1247,1
1248,0
1249,1
1250,1
1251,1
1252,0
1253,0
1254,1
1255,0
1256,1
1257,0
1258,0
1259,1
1260,0
1261,1
1262,0
1263,0
1264,1
1265,0
1266,0
1267,0
1268,0
1269,1
1270,1
1271,0
1272,1
1273,0
1274,1
1275,0
1276,1
1277,1
1278,0
1279,1
1280,0
1281,0
1282,0
1283,0
1284,0
1285,1
1286,1
1287,0
1288,0
1289,0
1290,0
1291,1
1292,0
1293,0
1294,1
1295,1
1296,0
1297,0
1298,0
1299,1
1300,1
1301,1
1302,0
1303,0
1304,1
1305,0
1306,0
1307,1
1308,1
1309,0
1310,1
1311,0
1312,1
1313,0
1314,0
1315,0
1316,0
1317,1
1318,0
1319,0
1320,1
1321,0
1322,1
1323,0
1324,1
1325,0
1326,0
1327,0
1328,0
1329,0
1330,0
1331,0
1332,0
1333,1
1334,0
1335,0
1336,0
1337,0
1338,0
1339,1
1340,1
1341,0
1342,0
1343,0
1344,0
1345,0
1346,0
1347,0
1348,0
1349,0
1350,0
1351,1
1352,1
1353,1
1354,0
1355,0
1356,1
1357,0
1358,1
1359,0
1360,1
1361,0
1362,1
1363,1
1364,1
1365,0
1366,0
1367,1
1368,0
1369,0
1370,1
1371,0
1372,0
1373,1
1374,0
1375,0
1376,1
1377,1
1378,0
1379,1
1380,0
1381,0
1382,1
1383,0
1384,1
1385,0
1386,0
1387,0
1388,0
1389,1
1390,1
1391,0
1392,0
1393,0
1394,0
1395,1
1396,1
1397,0
1398,1
1399,1
1400,1
1401,0
1402,0
1403,0
1404,1
1405,0
1406,0
1407,0
1408,0
1409,0
1410,1
1411,0
1412,1
1413,0
1414,0
1415,1
1416,1
1417,0
1418,0
1419,1
1420,1
1421,0
1422,1
1423,0
1424,0
1425,1
1426,0
1427,1
1428,1
1429,0
1430,1
1431,0
1432,1
1433,1
1434,0
1435,0
1436,0
1437,0
1438,0
1439,1
1440,0
1441,0
1442,0
1443,0
1444,0
1445,0
1446,1
1447,1
1448,0
1449,1
1450,1
1451,1
1452,0
1453,0
1454,1
1455,1
1456,0
1457,0
1458,1
1459,0
1460,0
1461,1
1462,1
1463,1
1464,0
1465,0
1466,0
1467,0
1468,1
1469,1
1470,0
1471,1
1472,1
1473,0
1474,1
1475,0
1476,0
1477,1
1478,0
1479,0
1480,1
1481,0
1482,0
1483,1
1484,1
1485,0
1486,1
1487,0
1488,1
1489,0
1490,1
1491,1
1492,0
1493,0
1494,0
1495,1
1496,0
1497,1
1498,1
1499,0
1500,0
1501,0
1502,1
1503,1
1504,0
1505,0
1506,1
1507,0
1508,1
1509,0
1510,1
1511,1
1512,0
1513,0
1514,0
1515,0
1516,0
1517,0
1518,1
1519,0
1520,1
1521,1
1522,0
1523,1
1524,1
1525,0
1526,1
1527,0
1528,0
1529,1
1530,0
1531,0
1532,0
1533,0
1534,0
1535,0
1536,1
1537,0
1538,1
1539,0
1540,0
1541,1
1542,0
1543,0
1544,1
1545,1
1546,0
1547,0
1548,0
1549,0
1550,1
1551,0
1552,0
1553,0
1554,0
1555,0
1556,1
1557,0
1558,0
1559,1
1560,0
1561,0
1562,0
1563,0
1564,1
1565,0
1566,1
1567,0
1568,1
1569,0
1570,0
1571,1
1572,1
1573,1
1574,0
1575,0
1576,0
1577,0
1578,0
1579,1
1580,0
1581,0
1582,0
1583,0
1584,0
1585,0
1586,0
1587,0
1588,1
1589,0
1590,0
1591,1
1592,0
1593,0
1594,1
1595,1
1596,1
1597,1
1598,1
1599,0
1600,1
1601,1
1602,0
1603,0
1604,0
1605,0
1606,0
1607,1
1608,1
1609,1
1610,0
1611,1
1612,0
1613,0
1614,1
1615,0
1616,0
1617,0
1618,1
1619,0
1620,0
1621,1
1622,1
1623,0
1624,1
1625,0
1626,1
1627,0
1628,0
1629,0
1630,0
1631,1
1632,1
1633,0
1634,0
1635,1
1636,1
1637,0
1638,0
1639,1
1640,1
1641,0
1642,1
1643,1
1644,0
1645,0
1646,1
1647,1
1648,1
1649,0
1650,1
1651,1
1652,1
1653,1
1654,1
1655,0
1656,1
1657,1
1658,0
1659,1
1660,0
1661,0
1662,0
1663,0
1664,1
1665,0
1666,1
1667,0
1668,0
1669,1
1670,1
1671,0
1672,1
1673,0
1674,1
1675,1
1676,0
1677,0
1678,1
1679,1
1680,1
1681,0
1682,0
1683,0
1684,1
1685,0
1686,0
1687,0
1688,0
1689,1
1690,1
1691,0
1692,0
1693,0
1694,0
1695,0
1696,0
1697,0
1698,1
1699,1
1700,0
1701,1
1702,0
1703,1
1704,1
1705,1
1706,0
1707,0
1708,0
1709,0
1710,1
1711,1
1712,0
1713,1
1714,1
1715,1
1716,1
1717,0
1718,0
1719,1
1720,0
1721,1
1722,0
1723,0
1724,0
1725,0
1726,1
1727,0
1728,1
1729,0
1730,1
1731,0
1732,0
1733,0
1734,0
1735,1
1736,1
1737,0
1738,1
1739,1
1740,0
1741,1
1742,0
1743,0
1744,0
1745,1
1746,1
1747,0
1748,1
1749,0
1750,1
1751,1
1752,0
1753,0
1754,0
1755,0
1756,0
1757,0
1758,0
1759,0
1760,0
1761,0
1762,0
1763,1
1764,1
1765,1
1766,0
1767,1
1768,0
1769,0
1770,0
1771,0
1772,0
1773,0
1774,1
1775,1
1776,1
1777,1
1778,0
1779,0
1780,1
1781,1
1782,1
1783,1
1784,1
1785,0
1786,1
1787,1
1788,1
1789,0
1790,0
1791,1
1792,1
1793,0
1794,0
1795,1
1796,1
1797,1
1798,1
1799,0
1800,1
1801,0
1802,0
1803,0
1804,1
1805,1
1806,1
1807,0
1808,0
1809,0
1810,0
1811,0
1812,1
1813,1
1814,0
1815,0
1816,0
1817,1
1818,1
1819,0
1820,0
1821,0
1822,0
1823,0
1824,1
1825,0
1826,1
1827,1
1828,1
1829,0
1830,1
1831,1
1832,0
1833,0
1834,0
1835,1
1836,0
1837,0
1838,1
1839,0
1840,0
1841,0
1842,0
1843,0
1844,0
1845,1
1846,0
1847,1
1848,0
1849,0
1850,0
1851,0
1852,1
1853,0
1854,0
1855,0
1856,1
1857,0
1858,0
1859,1
1860,0
1861,1
1862,0
1863,0
1864,1
1865,1
1866,0
1867,1
1868,0
1869,0
1870,0
1871,0
1872,0
1873,0
1874,1
1875,0
1876,0
1877,0
1878,0
1879,1
1880,0
1881,0
1882,1
1883,1
1884,1
1885,0
1886,0
1887,1
1888,0
1889,1
1890,0
1891,1
1892,0
1893,1
1894,0
1895,0
1896,0
1897,0
1898,0
1899,0
1900,1
1901,1
1902,0
1903,0
1904,0
1905,1
1906,0
1907,1
1908,0
1909,1
1910,0
1911,0
1912,0
1913,1
1914,0
1915,0
1916,0
1917,1
1918,0
1919,0
1920,1
1921,1
1922,1
1923,1
1924,0
1925,0
1926,1
1927,0
1928,0
1929,1
1930,1
1931,1
1932,1
1933,1
1934,0
1935,1
1936,1
1937,0
1938,0
1939,1
1940,1
1941,1
1942,1
1943,1
1944,1
1945,0
1946,1
1947,0
1948,0
1949,0
1950,1
1951,0
1952,0
1953,1
1954,0
1955,1
1956,1
1957,0
1958,0
1959,0
1960,1
1961,0
1962,0
1963,0
1964,1
1965,0
1966,0
1967,1
1968,1
1969,1
1970,0
1971,1
1972,0
1973,1
1974,0
1975,1
1976,0
1977,1
1978,0
1979,1
1980,0
1981,0
1982,1
1983,1
1984,0
1985,0
1986,1
1987,0
1988,1
1989,0
1990,0
1991,1
1992,1
1993,0
1994,1
1995,0
1996,0
1997,1
1998,1
1999,0
2000,0
2001,1
2002,0
2003,1
2004,1
2005,0
2006,1
2007,0
2008,0
2009,0
2010,1
2011,1
2012,0
2013,0
2014,0
2015,1
2016,0
2017,0
2018,0
2019,0
2020,0
2021,0
2022,0
2023,0
2024,0
2025,1
2026,1
2027,0
2028,0
2029,0
2030,1
2031,0
2032,0
2033,0
2034,0
2035,1
2036,1
2037,0
2038,1
2039,1
2040,0
2041,0
2042,1
2043,0
2044,1
2045,0
2046,0
2047,0
2048,0
2049,0
2050,0
2051,1
2052,0
2053,1
2054,1
2055,0
2056,0
2057,0
2058,0
2059,1
2060,1
2061,0
2062,0
2063,0
2064,0
2065,1
2066,0
2067,0
2068,1
2069,1
2070,1
2071,1
2072,1
2073,0
2074,1
2075,0
2076,0
2077,1
2078,1
2079,0
2080,1
2081,0
2082,0
2083,0
2084,0
2085,0
2086,1
2087,1
2088,0
2089,0
2090,0
2091,0
2092,0
2093,0
2094,1
2095,0
2096,1
2097,1
2098,0
2099,0
2100,0
2101,1
2102,1
2103,1
2104,0
2105,0
2106,1
2107,0
2108,1
2109,0
2110,0
2111,1
2112,0
2113,0
2114,1
2115,0
2116,0
2117,0
2118,1
2119,0
2120,1
2121,0
2122,0
2123,0
2124,0
2125,1
2126,0
2127,0
2128,0
2129,0
2130,0
2131,0
2132,1
2133,1
2134,1
2135,1
2136,0
2137,1
2138,1
2139,1
2140,1
2141,1
2142,0
2143,0
2144,0
2145,0
2146,0
2147,1
2148,0
2149,0
2150,1
2151,1
2152,0
2153,0
2154,1
2155,1
2156,1
2157,0
2158,0
2159,1
2160,1
2161,1
2162,1
2163,0
2164,1
2165,1
2166,0
2167,0
2168,0
2169,0
2170,0
2171,1
2172,1
2173,0
2174,0
2175,0
2176,0
2177,1
2178,0
2179,0
2180,1
2181,0
2182,1
2183,0
2184,1
2185,1
2186,0
2187,0
2188,1
2189,1
2190,1
2191,0
2192,0
2193,1
2194,1
2195,0
2196,1
2197,1
2198,1
2199,0
2200,1
2201,1
2202,0
2203,0
2204,1
2205,1
2206,1
2207,1
2208,0
2209,1
2210,0
2211,0
2212,1
2213,1
2214,0
2215,0
2216,0
2217,1
2218,1
2219,0
2220,0
2221,0
2222,0
2223,0
2224,1
2225,1
2226,1
2227,0
2228,0
2229,1
2230,0
2231,1
2232,0
2233,1
2234,0
2235,0
2236,0
2237,0
2238,0
2239,1
2240,0
2241,0
2242,0
2243,1
2244,0
2245,0
2246,0
2247,0
2248,1
2249,0
2250,0
2251,0
2252,0
2253,0
2254,0
2255,1
2256,1
2257,0
2258,0
2259,0
2260,0
2261,0
2262,0
2263,1
2264,1
2265,0
2266,1
2267,0
2268,0
2269,1
2270,0
2271,1
2272,0
2273,0
2274,1
2275,0
2276,1
2277,1
2278,0
2279,1
2280,1
2281,0
2282,0
2283,1
2284,1
2285,0
2286,0
2287,0
2288,0
2289,1
2290,0
2291,1
2292,0
2293,0
2294,1
2295,1
2296,1
2297,0
2298,1
2299,0
2300,0
2301,1
2302,0
2303,0
2304,0
2305,0
2306,1
2307,0
2308,0
2309,0
2310,1
2311,1
2312,0
2313,0
2314,0
2315,1
2316,1
2317,0
2318,1
2319,0
2320,0
2321,1
2322,0
2323,1
2324,0
2325,0
2326,0
2327,1
2328,1
2329,1
2330,1
2331,0
2332,1
2333,0
2334,0
2335,1
2336,1
2337,0
2338,0
2339,1
2340,0
2341,1
2342,0
2343,0
2344,0
2345,0
2346,1
2347,0
2348,0
2349,1
2350,0
2351,0
2352,0
2353,1
2354,0
2355,1
2356,1
2357,0
2358,0
2359,1
2360,1
2361,1
2362,1
2363,1
2364,0
2365,1
2366,1
2367,0
2368,1
2369,1
2370,1
2371,1
2372,0
2373,0
2374,0
2375,0
2376,0
2377,0
2378,0
2379,0
2380,1
2381,1
2382,1
2383,0
2384,1
2385,0
2386,1
2387,0
2388,0
2389,0
2390,0
2391,0
2392,0
2393,1
2394,0
2395,0
2396,0
2397,0
2398,1
2399,0
2400,0
2401,0
2402,1
2403,0
2404,0
2405,1
2406,0
2407,0
2408,0
2409,0
2410,0
2411,0
2412,1
2413,0
2414,0
2415,0
2416,1
2417,1
2418,0
2419,1
2420,0
2421,0
2422,1
2423,0
2424,1
2425,0
2426,1
2427,1
2428,1
2429,0
2430,0
2431,0
2432,0
2433,1
2434,0
2435,1
2436,1
2437,1
2438,1
2439,0
2440,0
2441,0
2442,0
2443,0
2444,1
2445,0
2446,0
2447,1
2448,1
2449,0
2450,1
2451,0
2452,0
2453,1
2454,0
2455,1
2456,0
2457,0
2458,1
2459,0
2460,0
2461,0
2462,0
2463,0
2464,1
2465,1
2466,1
2467,1
2468,1
2469,1
2470,0
2471,0
2472,0
2473,0
2474,0
2475,0
2476,1
2477,1
2478,0
2479,0
2480,1
2481,0
2482,0
2483,0
2484,0
2485,1
2486,0
2487,1
2488,1
2489,0
2490,0
2491,1
2492,0
2493,0
2494,1
2495,1
2496,0
2497,0
2498,0
2499,1
2500,1
2501,1
2502,1
2503,1
2504,0
2505,1
2506,1
2507,1
2508,0
2509,0
2510,0
2511,0
2512,1
2513,1
2514,0
2515,0
2516,0
2517,1
2518,1
2519,1
2520,0
2521,0
2522,0
2523,0
2524,0
2525,1
2526,0
2527,1
2528,1
2529,0
2530,1
2531,0
2532,1
2533,1
2534,1
2535,0
2536,0
2537,1
2538,1
2539,0
2540,0
2541,0
2542,0
2543,0
2544,0
2545,0
2546,0
2547,0
2548,0
2549,1
2550,1
2551,0
2552,1
2553,1
2554,1
2555,1
2556,0
2557,1
2558,0
2559,1
2560,0
2561,0
2562,1
2563,0
2564,0
2565,1
2566,1
2567,1
2568,1
2569,0
2570,0
2571,1
2572,0
2573,0
2574,0
2575,0
2576,0
2577,0
2578,0
2579,1
2580,0
2581,0
2582,0
2583,0
2584,0
2585,0
2586,0
2587,1
2588,1
2589,1
2590,1
2591,1
2592,0
2593,1
2594,1
2595,1
2596,1
2597,1
2598,0
2599,1
2600,0
2601,1
2602,1
2603,1
2604,0
2605,0
2606,0
2607,1
2608,0
2609,0
2610,1
2611,0
2612,0
2613,0
2614,0
2615,0
2616,1
2617,0
2618,1
2619,0
2620,1
2621,1
2622,1
2623,1
2624,0
2625,1
2626,1
2627,1
2628,0
2629,0
2630,0
2631,1
2632,1
2633,0
2634,0
2635,1
2636,0
2637,0
2638,0
2639,0
2640,1
2641,0
2642,1
2643,0
2644,1
2645,0
2646,0
2647,1
2648,0
2649,0
2650,1
2651,0
2652,1
2653,0
2654,0
2655,1
2656,1
2657,1
2658,0
2659,0
2660,0
2661,0
2662,1
2663,1
2664,0
2665,0
2666,0
2667,1
2668,0
2669,0
2670,0
2671,1
2672,0
2673,0
2674,1
2675,1
2676,0
2677,1
2678,1
2679,1
2680,0
2681,1
2682,1
2683,0
2684,0
2685,0
2686,1
2687,1
2688,1
2689,0
2690,1
2691,0
2692,1
2693,0
2694,0
2695,1
2696,1
2697,0
2698,0
2699,1
2700,0
2701,0
2702,1
2703,0
2704,0
2705,1
2706,0
2707,1
2708,1
2709,1
2710,1
2711,0
2712,0
2713,0
2714,0
2715,1
2716,0
2717,1
2718,0
2719,1
2720,0
2721,0
2722,0
2723,0
2724,1
2725,0
2726,1
2727,0
2728,1
2729,1
2730,1
2731,1
2732,0
2733,0
2734,1
2735,0
2736,1
2737,0
2738,0
2739,0
2740,0
2741,0
2742,0
2743,1
2744,1
2745,0
2746,0
2747,0
2748,0
2749,0
2750,1
2751,0
2752,1
2753,1
2754,1
2755,1
2756,1
2757,0
2758,0
2759,0
2760,1
2761,0
2762,1
2763,0
2764,0
2765,0
2766,1
2767,1
2768,0
2769,1
2770,1
2771,0
2772,0
2773,0
2774,0
2775,1
2776,0
2777,1
2778,0
2779,1
2780,1
2781,1
2782,0
2783,1
2784,1
2785,1
2786,0
2787,1
2788,0
2789,0
2790,1
2791,1
2792,1
2793,0
2794,0
2795,1
2796,0
2797,0
2798,1
2799,1
2800,1
2801,1
2802,0
2803,0
2804,0
2805,1
2806,1
2807,1
2808,1
2809,1
2810,1
2811,1
2812,0
2813,0
2814,1
2815,0
2816,0
2817,0
2818,0
2819,1
2820,0
2821,0
2822,1
2823,1
2824,0
2825,1
2826,0
2827,0
2828,0
2829,1
2830,0
2831,0
2832,0
2833,0
2834,0
2835,1
2836,1
2837,1
2838,1
2839,0
2840,0
2841,1
2842,1
2843,0
2844,1
2845,0
2846,1
2847,0
2848,0
2849,0
2850,0
2851,1
2852,1
2853,0
2854,0
2855,0
2856,1
2857,1
2858,0
2859,0
2860,1
2861,0
2862,0
2863,0
2864,1
2865,1
2866,1
2867,0
2868,0
2869,1
2870,0
2871,1
2872,1
2873,0
2874,1
2875,0
2876,1
2877,0
2878,0
2879,0
2880,0
2881,1
2882,1
2883,1
2884,1
2885,1
2886,0
2887,1
2888,0
2889,0
2890,0
2891,0
2892,1
2893,0
2894,0
2895,0
2896,1
2897,0
2898,1
2899,1
2900,0
2901,0
2902,1
2903,1
2904,0
2905,0
2906,0
2907,0
2908,0
2909,1
2910,0
2911,0
2912,0
2913,0
2914,1
2915,0
2916,0
2917,1
2918,1
2919,1
2920,0
2921,1
2922,1
2923,0
2924,0
2925,1
2926,0
2927,0
2928,0
2929,0
2930,0
2931,0
2932,0
2933,1
2934,1
2935,0
2936,0
2937,0
2938,0
2939,0
2940,0
2941,1
2942,1
2943,1
2944,1
2945,1
2946,0
2947,1
2948,0
2949,0
2950,1
2951,1
2952,1
2953,1
2954,0
2955,0
2956,1
2957,0
2958,1
2959,0
2960,0
2961,0
2962,1
2963,0
2964,0
2965,1
2966,0
2967,1
2968,0
2969,0
2970,0
2971,1
2972,0
2973,0
2974,1
2975,1
2976,0
2977,0
2978,0
2979,0
2980,0
2981,0
2982,1
2983,0
2984,1
2985,1
2986,1
2987,0
2988,0
2989,1
2990,1
2991,0
2992,0
2993,0
2994,0
2995,0
2996,0
2997,1
2998,1
2999,0
3000,0
3001,1
3002,0
3003,0
3004,0
3005,0
3006,1
3007,1
3008,1
3009,0
3010,1
3011,1
3012,0
3013,1
3014,1
3015,0
3016,1
3017,0
3018,0
3019,1
3020,1
3021,1
3022,0
3023,0
3024,0
3025,0
3026,1
3027,0
3028,1
3029,1
3030,1
3031,0
3032,0
3033,0
3034,1
3035,1
3036,0
3037,0
3038,0
3039,0
3040,0
3041,0
3042,0
3043,0
3044,0
3045,1
3046,1
3047,0
3048,0
3049,0
3050,0
3051,0
3052,1
3053,0
3054,0
3055,0
3056,1
3057,0
3058,0
3059,0
3060,0
3061,1
3062,1
3063,1
3064,0
3065,0
3066,1
3067,1
3068,0
3069,1
3070,1
3071,0
3072,0
3073,0
3074,0
3075,1
3076,0
3077,1
3078,1
3079,0
3080,1
3081,1
3082,1
3083,1
3084,1
3085,0
3086,0
3087,0
3088,0
3089,1
3090,0
3091,0
3092,1
3093,1
3094,1
3095,0
3096,0
3097,1
3098,0
3099,1
3100,1
3101,0
3102,0
3103,0
3104,0
3105,1
3106,0
3107,0
3108,0
3109,0
3110,0
3111,0
3112,1
3113,0
3114,1
3115,0
3116,1
3117,1
3118,0
3119,1
3120,0
3121,0
3122,0
3123,0
3124,1
3125,1
3126,1
3127,0
3128,1
3129,1
3130,0
3131,0
3132,0
3133,1
3134,0
3135,0
3136,1
3137,1
3138,1
3139,0
3140,1
3141,1
3142,0
3143,1
3144,1
3145,1
3146,0
3147,0
3148,0
3149,0
3150,0
3151,0
3152,0
3153,1
3154,0
3155,1
3156,0
3157,1
3158,1
3159,1
3160,1
3161,0
3162,0
3163,0
3164,1
3165,1
3166,0
3167,0
3168,0
3169,1
3170,1
3171,0
3172,0
3173,1
3174,1
3175,0
3176,0
3177,1
3178,0
3179,0
3180,0
3181,1
3182,0
3183,0
3184,0
3185,1
3186,1
3187,0
3188,1
3189,0
3190,0
3191,1
3192,0
3193,1
3194,0
3195,1
3196,1
3197,1
3198,0
3199,1
3200,1
3201,0
3202,0
3203,0
3204,1
3205,0
3206,1
3207,1
3208,0
3209,0
3210,1
3211,0
3212,1
3213,1
3214,0
3215,1
3216,0
3217,0
3218,0
3219,1
3220,0
3221,1
3222,0
3223,1
3224,1
3225,0
3226,0
3227,0
3228,0
3229,0
3230,0
3231,1
3232,0
3233,1
3234,0
3235,1
3236,0
3237,1
3238,1
3239,0
3240,0
3241,0
3242,1
3243,1
3244,0
3245,1
3246,0
3247,1
3248,0
3249,0
3250,0
3251,0
3252,0
3253,0
3254,0
3255,0
3256,1
3257,0
3258,0
3259,0
3260,1
3261,1
3262,0
3263,0
3264,0
3265,0
3266,1
3267,0
3268,1
3269,1
3270,1
3271,0
3272,0
3273,1
3274,0
3275,0
3276,1
3277,1
3278,1
3279,1
3280,0
3281,1
3282,1
3283,0
3284,1
3285,0
3286,1
3287,1
3288,0
3289,0
3290,1
3291,0
3292,0
3293,0
3294,0
3295,0
3296,0
3297,0
3298,0
3299,0
3300,0
3301,0
3302,0
3303,1
3304,1
3305,0
3306,0
3307,1
3308,1
3309,1
3310,0
3311,1
3312,0
3313,0
3314,0
3315,0
3316,0
3317,0
3318,1
3319,0
3320,1
3321,0
3322,1
3323,0
3324,1
3325,0
3326,1
3327,1
3328,1
3329,0
3330,0
3331,1
3332,0
3333,0
3334,1
3335,0
3336,1
3337,0
3338,0
3339,1
3340,0
3341,0
3342,1
3343,1
3344,1
3345,1
3346,0
3347,1
3348,0
3349,0
3350,1
3351,1
3352,1
3353,1
3354,0
3355,0
3356,0
3357,1
3358,0
3359,0
3360,1
3361,0
3362,1
3363,1
3364,1
3365,0
3366,0
3367,1
3368,0
3369,0
3370,0
3371,1
3372,0
3373,1
3374,1
3375,1
3376,0
3377,1
3378,1
3379,1
3380,0
3381,0
3382,1
3383,0
3384,0
3385,0
3386,1
3387,0
3388,0
3389,0
3390,1
3391,0
3392,1
3393,1
3394,1
3395,1
3396,0
3397,1
3398,0
3399,1
3400,0
3401,1
3402,0
3403,1
3404,0
3405,1
3406,1
3407,1
3408,0
3409,0
3410,1
3411,0
3412,0
3413,0
3414,1
3415,0
3416,1
3417,0
3418,0
3419,1
3420,0
3421,1
3422,1
3423,1
3424,0
3425,1
3426,0
3427,0
3428,0
3429,1
3430,1
3431,0
3432,0
3433,0
3434,1
3435,0
3436,1
3437,0
3438,0
3439,1
3440,0
3441,1
3442,0
3443,1
3444,1
3445,0
3446,0
3447,1
3448,0
3449,0
3450,1
3451,1
3452,1
3453,1
3454,1
3455,0
3456,1
3457,0
3458,1
3459,1
3460,0
3461,1
3462,0
3463,1
3464,0
3465,1
3466,0
3467,0
3468,0
3469,0
3470,0
3471,0
3472,1
3473,0
3474,1
3475,0
3476,1
3477,0
3478,0
3479,1
3480,0
3481,0
3482,1
3483,1
3484,0
3485,1
3486,1
3487,1
3488,0
3489,1
3490,1
3491,0
3492,1
3493,1
3494,1
3495,1
3496,0
3497,1
3498,1
3499,0
3500,0
3501,1
3502,0
3503,0
3504,0
3505,1
3506,1
3507,0
3508,0
3509,0
3510,1
3511,1
3512,1
3513,0
3514,0
3515,0
3516,0
3517,0
3518,1
3519,1
3520,0
3521,0
3522,0
3523,0
3524,1
3525,0
3526,0
3527,1
3528,1
3529,0
3530,0
3531,0
3532,0
3533,0
3534,0
3535,1
3536,1
3537,0
3538,0
3539,1
3540,0
3541,0
3542,0
3543,1
3544,0
3545,0
3546,1
3547,1
3548,1
3549,1
3550,0
3551,0
3552,0
3553,0
3554,0
3555,1
3556,0
3557,1
3558,1
3559,1
3560,0
3561,1
3562,1
3563,0
3564,0
3565,1
3566,0
3567,0
3568,0
3569,0
3570,0
3571,1
3572,1
3573,1
3574,0
3575,0
3576,1
3577,0
3578,1
3579,1
3580,1
3581,0
3582,1
3583,0
3584,0
3585,0
3586,1
3587,0
3588,1
3589,1
3590,0
3591,0
3592,1
3593,1
3594,0
3595,1
3596,0
3597,1
3598,1
3599,0
3600,0
3601,0
3602,0
3603,0
3604,0
3605,0
3606,1
3607,0
3608,0
3609,1
3610,0
3611,1
3612,1
3613,1
3614,0
3615,0
3616,0
3617,0
3618,0
3619,1
3620,1
3621,0
3622,0
3623,1
3624,0
3625,0
3626,0
3627,0
3628,0
3629,1
3630,1
3631,0
3632,0
3633,0
3634,0
3635,0
3636,1
3637,0
3638,0
3639,0
3640,0
3641,1
3642,0
3643,0
3644,0
3645,0
3646,0
3647,1
3648,1
3649,0
3650,0
3651,1
3652,1
3653,1
3654,1
3655,1
3656,0
3657,1
3658,0
3659,1
3660,0
3661,1
3662,1
3663,0
3664,0
3665,1
3666,0
3667,0
3668,1
3669,0
3670,0
3671,0
3672,1
3673,0
3674,0
3675,0
3676,0
3677,1
3678,1
3679,0
3680,1
3681,0
3682,0
3683,0
3684,1
3685,0
3686,1
3687,1
3688,0
3689,1
3690,0
3691,0
3692,0
3693,1
3694,1
3695,0
3696,1
3697,0
3698,0
3699,1
3700,0
3701,0
3702,0
3703,0
3704,0
3705,0
3706,1
3707,1
3708,0
3709,0
3710,0
3711,0
3712,1
3713,1
3714,1
3715,1
3716,0
3717,1
3718,0
3719,0
3720,1
3721,1
3722,1
3723,1
3724,0
3725,0
3726,1
3727,1
3728,0
3729,1
3730,0
3731,0
3732,0
3733,1
3734,1
3735,0
3736,0
3737,0
3738,0
3739,1
3740,0
3741,0
3742,1
3743,0
3744,0
3745,0
3746,0
3747,1
3748,0
3749,0
3750,0
3751,1
3752,1
3753,0
3754,1
3755,1
3756,0
3757,1
3758,1
3759,1
3760,1
3761,1
3762,1
3763,0
3764,0
3765,0
3766,1
3767,0
3768,1
3769,1
3770,1
3771,0
3772,0
3773,1
3774,1
3775,1
3776,1
3777,1
3778,0
3779,0
3780,1
3781,1
3782,0
3783,0
3784,0
3785,0
3786,1
3787,0
3788,1
3789,1
3790,0
3791,0
3792,1
3793,0
3794,1
3795,0
3796,1
3797,0
3798,1
3799,1
3800,1
3801,0
3802,0
3803,0
3804,0
3805,0
3806,1
3807,0
3808,0
3809,0
3810,1
3811,0
3812,0
3813,0
3814,0
3815,0
3816,0
3817,1
3818,0
3819,0
3820,1
3821,0
3822,0
3823,0
3824,0
3825,0
3826,1
3827,0
3828,1
3829,0
3830,1
3831,0
3832,0
3833,0
3834,0
3835,0
3836,1
3837,1
3838,0
3839,0
3840,0
3841,0
3842,1
3843,1
3844,1
3845,0
3846,1
3847,0
3848,1
3849,1
3850,0
3851,0
3852,1
3853,0
3854,0
3855,0
3856,0
3857,0
3858,1
3859,1
3860,0
3861,1
3862,1
3863,0
3864,1
3865,0
3866,0
3867,1
3868,1
3869,0
3870,0
3871,0
3872,0
3873,1
3874,0
3875,0
3876,0
3877,1
3878,1
3879,0
3880,1
3881,0
3882,0
3883,0
3884,1
3885,0
3886,0
3887,1
3888,0
3889,0
3890,1
3891,0
3892,1
3893,0
3894,1
3895,1
3896,0
3897,1
3898,1
3899,0
3900,1
3901,1
3902,0
3903,0
3904,1
3905,0
3906,1
3907,1
3908,0
3909,0
3910,0
3911,0
3912,1
3913,1
3914,0
3915,1
3916,1
3917,1
3918,0
3919,0
3920,0
3921,0
3922,1
3923,0
3924,1
3925,1
3926,1
3927,1
3928,1
3929,1
3930,1
3931,1
3932,1
3933,0
3934,1
3935,0
3936,1
3937,0
3938,1
3939,0
3940,0
3941,1
3942,0
3943,1
3944,1
3945,1
3946,0
3947,0
3948,1
3949,1
3950,1
3951,0
3952,1
3953,0
3954,0
3955,0
3956,1
3957,0
3958,0
3959,0
3960,0
3961,1
3962,0
3963,1
3964,1
3965,1
3966,0
3967,1
3968,1
3969,0
3970,0
3971,1
3972,0
3973,1
3974,0
3975,1
3976,0
3977,0
3978,1
3979,0
3980,0
3981,1
3982,1
3983,1
3984,0
3985,0
3986,1
3987,0
3988,0
3989,1
3990,0
3991,0
3992,1
3993,0
3994,1
3995,0
3996,1
3997,0
3998,0
3999,0
4000,1
4001,1
4002,0
4003,0
4004,1
4005,0
4006,1
4007,1
4008,0
4009,0
4010,1
4011,0
4012,1
4013,0
4014,1
4015,0
4016,0
4017,0
4018,0
4019,1
4020,0
4021,0
4022,0
4023,0
4024,1
4025,0
4026,0
4027,1
4028,1
4029,0
4030,1
4031,1
4032,0
4033,0
4034,0
4035,1
4036,0
4037,0
4038,1
4039,1
4040,0
4041,0
4042,0
4043,1
4044,0
4045,0
4046,0
4047,0
4048,0
4049,0
4050,0
4051,1
4052,0
4053,0
4054,0
4055,1
4056,0
4057,0
4058,1
4059,1
4060,1
4061,1
4062,1
4063,1
4064,0
4065,0
4066,0
4067,0
4068,0
4069,0
4070,0
4071,1
4072,0
4073,0
4074,0
4075,0
4076,1
4077,0
4078,0
4079,1
4080,1
4081,0
4082,0
4083,1
4084,0
4085,0
4086,0
4087,0
4088,1
4089,1
4090,0
4091,1
4092,0
4093,1
4094,1
4095,1
4096,0
4097,0
4098,1
4099,0
4100,1
4101,0
4102,1
4103,0
4104,0
4105,1
4106,0
4107,0
4108,0
4109,0
4110,1
4111,0
4112,0
4113,1
4114,0
4115,1
4116,1
4117,0
4118,0
4119,1
4120,1
4121,0
4122,1
4123,0
4124,0
4125,0
4126,0
4127,1
4128,0
4129,1
4130,1
4131,0
4132,0
4133,0
4134,0
4135,0
4136,1
4137,1
4138,1
4139,0
4140,1
4141,0
4142,0
4143,0
4144,0
4145,0
4146,0
4147,0
4148,0
4149,0
4150,0
4151,0
4152,0
4153,0
4154,1
4155,1
4156,0
4157,0
4158,0
4159,1
4160,0
4161,0
4162,1
4163,0
4164,1
4165,0
4166,0
4167,1
4168,1
4169,0
4170,1
4171,0
4172,0
4173,1
4174,0
4175,0
4176,1
4177,1
4178,0
4179,0
4180,0
4181,0
4182,1
4183,1
4184,0
4185,0
4186,0
4187,0
4188,0
4189,0
4190,1
4191,0
4192,0
4193,1
4194,1
4195,0
4196,0
4197,1
4198,1
4199,1
4200,1
4201,1
4202,0
4203,0
4204,1
4205,0
4206,0
4207,1
4208,0
4209,1
4210,0
4211,0
4212,0
4213,0
4214,1
4215,0
4216,1
4217,1
4218,1
4219,1
4220,1
4221,0
4222,0
4223,0
4224,0
4225,1
4226,1
4227,1
4228,0
4229,0
4230,0
4231,1
4232,0
4233,0
4234,1
4235,1
4236,0
4237,1
4238,0
4239,0
4240,1
4241,1
4242,0
4243,1
4244,0
4245,1
4246,0
4247,0
4248,1
4249,1
4250,0
4251,0
4252,1
4253,0
4254,0
4255,0
4256,1
4257,0
4258,0
4259,1
4260,1
4261,0
4262,0
4263,0
4264,0
4265,1
4266,1
4267,0
4268,0
4269,1
4270,1
4271,0
4272,0
4273,1
4274,1
4275,1
4276,0
4277,0
4278,0
4279,0
4280,0
4281,0
4282,1
4283,0
4284,0
4285,0
4286,1
4287,0
4288,1
4289,1
4290,0
4291,1
4292,0
4293,0
4294,0
4295,1
4296,1
4297,1
4298,0
4299,0
4300,1
4301,1
4302,0
4303,1
4304,0
4305,0
4306,0
4307,1
4308,0
4309,1
4310,1
4311,1
4312,0
4313,0
4314,0
4315,0
4316,1
4317,0
4318,0
4319,0
4320,1
4321,0
4322,1
4323,0
4324,0
4325,1
4326,0
4327,0
4328,0
4329,0
4330,1
4331,1
4332,1
4333,1
4334,0
4335,1
4336,0
4337,0
4338,0
4339,0
4340,0
4341,0
4342,0
4343,1
4344,0
4345,1
4346,1
4347,1
4348,1
4349,0
4350,1
4351,1
4352,1
4353,0
4354,1
4355,0
4356,1
4357,1
4358,1
4359,1
4360,1
4361,1
4362,0
4363,0
4364,0
4365,0
4366,0
4367,1
4368,0
4369,0
4370,1
4371,0
4372,0
4373,1
4374,0
4375,0
4376,0
4377,0
4378,1
4379,0
4380,0
4381,0
4382,0
4383,1
4384,1
4385,0
4386,1
4387,0
4388,0
4389,1
4390,0
4391,1
4392,0
4393,0
4394,0
4395,1
4396,1
4397,0
4398,1
4399,0
4400,0
4401,1
4402,1
4403,0
4404,0
4405,1
4406,1
4407,1
4408,0
4409,1
4410,0
4411,0
4412,1
4413,1
4414,1
4415,0
4416,0
4417,1
4418,1
4419,1
4420,0
4421,0
4422,0
4423,0
4424,1
4425,1
4426,0
4427,1
4428,0
4429,0
4430,0
4431,0
4432,0
4433,1
4434,0
4435,0
4436,1
4437,1
4438,1
4439,0
4440,0
4441,1
4442,1
4443,1
4444,1
4445,1
4446,1
4447,0
4448,1
4449,1
4450,1
4451,1
4452,0
4453,0
4454,1
4455,0
4456,1
4457,0
4458,0
4459,0
4460,0
4461,1
4462,1
4463,1
4464,0
4465,1
4466,1
4467,1
4468,1
4469,1
4470,0
4471,1
4472,0
4473,0
4474,0
4475,1
4476,0
4477,0
4478,1
4479,0
4480,0
4481,0
4482,1
4483,1
4484,1
4485,1
4486,1
4487,1
4488,0
4489,1
4490,0
4491,0
4492,0
4493,0
4494,0
4495,1
4496,0
4497,0
4498,0
4499,1
4500,0
4501,0
4502,1
4503,0
4504,1
4505,0
4506,0
4507,1
4508,0
4509,0
4510,0
4511,1
4512,0
4513,1
4514,0
4515,0
4516,1
4517,1
4518,0
4519,1
4520,0
4521,0
4522,0
4523,0
4524,0
4525,1
4526,0
4527,0
4528,1
4529,0
4530,0
4531,1
4532,0
4533,1
4534,0
4535,0
4536,1
4537,1
4538,1
4539,1
4540,0
4541,0
4542,0
4543,0
4544,0
4545,0
4546,0
4547,1
4548,0
4549,1
4550,1
4551,0
4552,1
4553,0
4554,0
4555,1
4556,0
4557,1
4558,1
4559,0
4560,1
4561,0
4562,0
4563,1
4564,1
4565,0
4566,0
4567,0
4568,1
4569,0
4570,1
4571,0
4572,0
4573,0
4574,0
4575,0
4576,0
4577,1
4578,1
4579,1
4580,1
4581,1
4582,1
4583,0
4584,0
4585,0
4586,1
4587,0
4588,1
4589,0
4590,0
4591,0
4592,1
4593,0
4594,1
4595,0
4596,0
4597,0
4598,1
4599,0
4600,1
4601,0
4602,0
4603,1
4604,0
4605,1
4606,0
4607,0
4608,0
4609,0
4610,0
4611,0
4612,0
4613,0
4614,0
4615,1
4616,1
4617,1
4618,0
4619,1
4620,0
4621,1
4622,0
4623,1
4624,0
4625,0
4626,0
4627,0
4628,1
4629,0
4630,1
4631,0
4632,0
4633,0
4634,1
4635,1
4636,0
4637,0
4638,0
4639,0
4640,1
4641,0
4642,1
4643,0
4644,1
4645,0
4646,0
4647,0
4648,1
4649,0
4650,0
4651,1
4652,1
4653,1
4654,1
4655,0
4656,0
4657,0
4658,0
4659,0
4660,0
4661,0
4662,0
4663,1
4664,0
4665,1
4666,0
4667,1
4668,0
4669,0
4670,0
4671,0
4672,0
4673,0
4674,0
4675,0
4676,1
4677,1
4678,0
4679,1
4680,1
4681,1
4682,0
4683,0
4684,0
4685,1
4686,1
4687,1
4688,1
4689,0
4690,0
4691,1
4692,0
4693,0
4694,0
4695,0
4696,0
4697,1
4698,1
4699,0
4700,0
4701,1
4702,1
4703,0
4704,0
4705,0
4706,0
4707,0
4708,0
4709,1
4710,1
4711,0
4712,0
4713,0
4714,0
4715,1
4716,0
4717,1
4718,0
4719,1
4720,0
4721,1
4722,1
4723,0
4724,0
4725,1
4726,1
4727,0
4728,1
4729,1
4730,0
4731,1
4732,0
4733,0
4734,1
4735,1
4736,0
4737,0
4738,1
4739,0
4740,0
4741,0
4742,1
4743,1
4744,0
4745,0
4746,0
4747,1
4748,1
4749,0
4750,0
4751,1
4752,0
4753,0
4754,0
4755,1
4756,1
4757,1
4758,0
4759,1
4760,0
4761,0
4762,1
4763,1
4764,1
4765,0
4766,0
4767,1
4768,0
4769,0
4770,0
4771,1
4772,0
4773,0
4774,1
4775,1
4776,1
4777,0
4778,0
4779,0
4780,1
4781,1
4782,0
4783,0
4784,0
4785,0
4786,0
4787,1
4788,0
4789,1
4790,1
4791,0
4792,0
4793,1
4794,1
4795,1
4796,0
4797,0
4798,0
4799,0
4800,0
4801,1
4802,1
4803,1
4804,0
4805,0
4806,1
4807,0
4808,0
4809,1
4810,0
4811,0
4812,1
4813,1
4814,0
4815,0
4816,0
4817,1
4818,1
4819,1
4820,1
4821,0
4822,0
4823,1
4824,1
4825,0
4826,1
4827,0
4828,0
4829,0
4830,0
4831,1
4832,1
4833,0
4834,1
4835,1
4836,1
4837,1
4838,1
4839,1
4840,0
4841,1
4842,1
4843,1
4844,1
4845,0
4846,0
4847,1
4848,0
4849,0
4850,1
4851,1
4852,0
4853,0
4854,1
4855,0
4856,0
4857,1
4858,1
4859,1
4860,0
4861,0
4862,1
4863,0
4864,1
4865,0
4866,0
4867,0
4868,0
4869,1
4870,0
4871,0
4872,0
4873,0
4874,0
4875,1
4876,0
4877,1
4878,1
4879,0
4880,0
4881,1
4882,0
4883,0
4884,0
4885,0
4886,1
4887,0
4888,0
4889,0
4890,1
4891,1
4892,0
4893,1
4894,0
4895,0
4896,0
4897,0
4898,1
4899,0
4900,1
4901,0
4902,0
4903,0
4904,1
4905,1
4906,1
4907,1
4908,0
4909,0
4910,1
4911,1
4912,1
4913,0
4914,1
4915,0
4916,1
4917,0
4918,0
4919,1
4920,1
4921,0
4922,1
4923,0
4924,0
4925,1
4926,1
4927,1
4928,0
4929,0
4930,1
4931,0
4932,1
4933,0
4934,1
4935,0
4936,0
4937,1
4938,1
4939,0
4940,0
4941,1
4942,1
4943,0
4944,1
4945,1
4946,1
4947,0
4948,0
4949,0
4950,0
4951,0
4952,1
4953,0
4954,0
4955,1
4956,0
4957,0
4958,0
4959,0
4960,0
4961,1
4962,1
4963,1
4964,1
4965,1
4966,0
4967,0
4968,0
4969,0
4970,1
4971,0
4972,1
4973,0
4974,1
4975,0
4976,1
4977,0
4978,0
4979,0
4980,1
4981,0
4982,1
4983,1
4984,0
4985,1
4986,0
4987,1
4988,1
4989,1
4990,1
4991,1
4992,1
4993,1
4994,0
4995,1
4996,0
4997,0
4998,1
4999,1
5000,1
5001,0
5002,0
5003,0
5004,1
5005,0
5006,0
5007,1
5008,0
5009,1
5010,1
5011,0
5012,1
5013,0
5014,0
5015,0
5016,1
5017,0
5018,1
5019,0
5020,0
5021,0
5022,0
5023,0
5024,1
5025,1
5026,0
5027,1
5028,0
5029,0
5030,1
5031,0
5032,0
5033,0
5034,0
5035,0
5036,1
5037,0
5038,1
5039,0
5040,0
5041,0
5042,0
5043,1
5044,0
5045,0
5046,0
5047,1
5048,1
5049,0
5050,0
5051,1
5052,1
5053,1
5054,1
5055,0
5056,0
5057,0
5058,0
5059,1
5060,0
5061,0
5062,1
5063,1
5064,0
5065,1
5066,0
5067,1
5068,1
5069,1
5070,0
5071,1
5072,0
5073,1
5074,1
5075,0
5076,1
5077,0
5078,0
5079,1
5080,1
5081,0
5082,0
5083,0
5084,0
5085,0
5086,0
5087,0
5088,0
5089,0
5090,1
5091,0
5092,1
5093,1
5094,0
5095,0
5096,1
5097,1
5098,0
5099,1
5100,0
5101,1
5102,0
5103,0
5104,1
5105,1
5106,1
5107,1
5108,0
5109,1
5110,1
5111,0
5112,0
5113,0
5114,1
5115,0
5116,0
5117,0
5118,1
5119,1
5120,0
5121,0
5122,0
5123,1
5124,0
5125,0
5126,0
5127,0
5128,1
5129,1
5130,0
5131,1
5132,1
5133,1
5134,0
5135,0
5136,1
5137,1
5138,1
5139,0
5140,0
5141,1
5142,1
5143,1
5144,1
5145,0
5146,0
5147,0
5148,0
5149,0
5150,0
5151,0
5152,0
5153,1
5154,1
5155,0
5156,0
5157,0
5158,1
5159,0
5160,0
5161,1
5162,1
5163,1
5164,0
5165,0
5166,1
5167,1
5168,0
5169,1
5170,1
5171,0
5172,0
5173,0
5174,0
5175,1
5176,1
5177,0
5178,1
5179,1
5180,1
5181,0
5182,1
5183,0
5184,0
5185,0
5186,1
5187,0
5188,0
5189,0
5190,1
5191,1
5192,1
5193,0
5194,0
5195,0
5196,0
5197,0
5198,0
5199,0
5200,0
5201,0
5202,0
5203,0
5204,1
5205,1
5206,0
5207,0
5208,0
5209,0
5210,0
5211,0
5212,1
5213,0
5214,0
5215,0
5216,1
5217,1
5218,1
5219,0
5220,0
5221,1
5222,0
5223,0
5224,1
5225,0
5226,0
5227,1
5228,0
5229,0
5230,1
5231,1
5232,0
5233,1
5234,0
5235,1
5236,0
5237,0
5238,0
5239,1
5240,0
5241,0
5242,0
5243,0
5244,0
5245,0
5246,1
5247,1
5248,0
5249,0
5250,0
5251,0
5252,1
5253,0
5254,1
5255,1
5256,1
5257,0
5258,0
5259,1
5260,0
5261,0
5262,1
5263,1
5264,0
5265,1
5266,1
5267,1
5268,0
5269,0
5270,1
5271,0
5272,0
5273,0
5274,0
5275,0
5276,1
5277,1
5278,1
5279,1
5280,1
5281,0
5282,1
5283,0
5284,0
5285,0
5286,0
5287,0
5288,1
5289,0
5290,0
5291,0
5292,0
5293,0
5294,1
5295,1
5296,0
5297,0
5298,1
5299,0
5300,1
5301,0
5302,0
5303,0
5304,1
5305,0
5306,0
5307,0
5308,1
5309,1
5310,1
5311,1
5312,1
5313,0
5314,1
5315,0
5316,0
5317,0
5318,0
5319,0
5320,0
5321,0
5322,0
5323,1
5324,0
5325,0
5326,0
5327,0
5328,0
5329,0
5330,0
5331,0
5332,1
5333,0
5334,0
5335,1
5336,0
5337,0
5338,1
5339,0
5340,1
5341,1
5342,0
5343,1
5344,0
5345,1
5346,0
5347,1
5348,0
5349,0
5350,0
5351,0
5352,1
5353,0
5354,0
5355,0
5356,0
5357,0
5358,1
5359,0
5360,0
5361,0
5362,0
5363,0
5364,1
5365,1
5366,0
5367,1
5368,0
5369,1
5370,0
5371,0
5372,0
5373,0
5374,0
5375,0
5376,0
5377,1
5378,0
5379,1
5380,0
5381,0
5382,0
5383,0
5384,0
5385,1
5386,1
5387,1
5388,0
5389,1
5390,0
5391,0
5392,1
5393,0
5394,0
5395,1
5396,0
5397,1
5398,1
5399,1
5400,0
5401,0
5402,1
5403,0
5404,0
5405,1
5406,0
5407,1
5408,1
5409,0
5410,0
5411,0
5412,0
5413,0
5414,0
5415,1
5416,0
5417,1
5418,1
5419,0
5420,0
5421,0
5422,1
5423,0
5424,0
5425,0
5426,1
5427,0
5428,1
5429,0
5430,0
5431,0
5432,0
5433,1
5434,1
5435,0
5436,0
5437,1
5438,1
5439,0
5440,1
5441,0
5442,0
5443,0
5444,0
5445,1
5446,0
5447,0
5448,1
5449,0
5450,0
5451,1
5452,0
5453,1
5454,1
5455,0
5456,0
5457,1
5458,0
5459,1
5460,1
5461,0
5462,0
5463,0
5464,0
5465,0
5466,0
5467,0
5468,0
5469,0
5470,0
5471,0
5472,0
5473,1
5474,0
5475,1
5476,1
5477,0
5478,1
5479,1
5480,0
5481,0
5482,0
5483,1
5484,0
5485,0
5486,1
5487,0
5488,0
5489,0
5490,1
5491,1
5492,1
5493,0
5494,0
5495,0
5496,0
5497,0
5498,1
5499,0
5500,0
5501,0
5502,0
5503,1
5504,1
5505,1
5506,0
5507,0
5508,0
5509,0
5510,0
5511,0
5512,1
5513,0
5514,1
5515,1
5516,0
5517,1
5518,1
5519,1
5520,0
5521,1
5522,1
5523,0
5524,0
5525,1
5526,1
5527,1
5528,1
5529,1
5530,0
5531,1
5532,0
5533,1
5534,0
5535,0
5536,0
5537,1
5538,1
5539,0
5540,1
5541,0
5542,0
5543,1
5544,1
5545,1
5546,0
5547,1
5548,0
5549,0
5550,1
5551,1
5552,1
5553,1
5554,1
5555,1
5556,1
5557,1
5558,1
5559,0
5560,0
5561,0
5562,0
5563,0
5564,1
5565,1
5566,1
5567,0
5568,1
5569,1
5570,0
5571,1
5572,1
5573,1
5574,0
5575,0
5576,0
5577,0
5578,1
5579,0
5580,0
5581,1
5582,1
5583,0
5584,1
5585,0
5586,1
5587,0
5588,1
5589,0
5590,0
5591,0
5592,1
5593,0
5594,0
5595,0
5596,0
5597,1
5598,0
5599,1
5600,0
5601,1
5602,0
5603,1
5604,0
5605,0
5606,0
5607,1
5608,1
5609,0
5610,1
5611,1
5612,0
5613,1
5614,1
5615,1
5616,1
5617,1
5618,1
5619,0
5620,1
5621,0
5622,0
5623,0
5624,0
5625,0
5626,1
5627,1
5628,0
5629,1
5630,0
5631,1
5632,1
5633,1
5634,1
5635,0
5636,1
5637,1
5638,0
5639,1
5640,1
5641,0
5642,0
5643,0
5644,1
5645,1
5646,0
5647,0
5648,0
5649,1
5650,0
5651,1
5652,1
5653,0
5654,1
5655,0
5656,1
5657,0
5658,1
5659,1
5660,0
5661,1
5662,0
5663,0
5664,1
5665,0
5666,1
5667,0
5668,1
5669,0
5670,0
5671,0
5672,1
5673,0
5674,0
5675,0
5676,0
5677,0
5678,0
5679,0
5680,0
5681,1
5682,0
5683,0
5684,0
5685,0
5686,0
5687,0
5688,0
5689,0
5690,0
5691,0
5692,0
5693,0
5694,0
5695,0
5696,0
5697,0
5698,1
5699,0
5700,0
5701,0
5702,0
5703,1
5704,0
5705,0
5706,1
5707,0
5708,0
5709,1
5710,0
5711,0
5712,1
5713,1
5714,0
5715,0
5716,1
5717,1
5718,1
5719,0
5720,1
5721,0
5722,1
5723,0
5724,0
5725,0
5726,1
5727,1
5728,0
5729,0
5730,0
5731,0
5732,1
5733,0
5734,0
5735,0
5736,0
5737,0
5738,1
5739,0
5740,0
5741,1
5742,1
5743,0
5744,1
5745,0
5746,1
5747,1
5748,1
5749,0
5750,0
5751,0
5752,1
5753,0
5754,1
5755,0
5756,0
5757,1
5758,1
5759,0
5760,1
5761,0
5762,0
5763,0
5764,1
5765,0
5766,0
5767,1
5768,1
5769,0
5770,1
5771,0
5772,0
5773,0
5774,1
5775,1
5776,0
5777,1
5778,0
5779,0
5780,0
5781,1
5782,0
5783,0
5784,0
5785,1
5786,0
5787,0
5788,1
5789,0
5790,0
5791,0
5792,1
5793,0
5794,0
5795,0
5796,0
5797,1
5798,1
5799,0
5800,1
5801,1
5802,0
5803,0
5804,1
5805,1
5806,1
5807,1
5808,0
5809,1
5810,1
5811,0
5812,1
5813,1
5814,0
5815,1
5816,0
5817,0
5818,0
5819,0
5820,0
5821,0
5822,1
5823,0
5824,0
5825,1
5826,0
5827,1
5828,1
5829,0
5830,0
5831,0
5832,0
5833,1
5834,1
5835,0
5836,1
5837,0
5838,0
5839,1
5840,0
5841,1
5842,0
5843,0
5844,1
5845,1
5846,0
5847,0
5848,1
5849,0
5850,0
5851,1
5852,0
5853,1
5854,1
5855,0
5856,1
5857,1
5858,0
5859,1
5860,0
5861,1
5862,0
5863,0
5864,0
5865,1
5866,1
5867,0
5868,1
5869,0
5870,0
5871,1
5872,0
5873,1
5874,0
5875,0
5876,0
5877,1
5878,0
5879,0
5880,1
5881,0
5882,0
5883,0
5884,1
5885,1
5886,0
5887,0
5888,1
5889,1
5890,1
5891,0
5892,1
5893,0
5894,0
5895,1
5896,0
5897,1
5898,1
5899,1
5900,1
5901,0
5902,0
5903,1
5904,0
5905,1
5906,0
5907,0
5908,1
5909,1
5910,0
5911,0
5912,0
5913,1
5914,1
5915,1
5916,1
5917,1
5918,0
5919,1
5920,0
5921,0
5922,0
5923,0
5924,1
5925,0
5926,0
5927,0
5928,0
5929,1
5930,0
5931,0
5932,1
5933,1
5934,0
5935,1
5936,0
5937,1
5938,0
5939,0
5940,0
5941,0
5942,1
5943,1
5944,0
5945,1
5946,1
5947,0
5948,0
5949,0
5950,1
5951,0
5952,0
5953,0
5954,0
5955,0
5956,0
5957,0
5958,1
5959,0
5960,0
5961,1
5962,1
5963,1
5964,0
5965,0
5966,0
5967,1
5968,1
5969,0
5970,1
5971,0
5972,1
5973,0
5974,0
5975,0
5976,0
5977,0
5978,0
5979,0
5980,1
5981,0
5982,1
5983,0
5984,0
5985,1
5986,0
5987,0
5988,0
5989,1
5990,0
5991,0
5992,1
5993,0
5994,0
5995,0
5996,0
5997,0
5998,1
5999,1
6000,1
6001,0
6002,1
6003,1
6004,0
6005,0
6006,0
6007,1
6008,1
6009,1
6010,0
6011,1
6012,1
6013,0
6014,0
6015,1
6016,1
6017,1
6018,1
6019,1
6020,1
6021,0
6022,0
6023,0
6024,0
6025,1
6026,1
6027,1
6028,0
6029,0
6030,0
6031,1
6032,0
6033,1
6034,0
6035,0
6036,1
6037,0
6038,0
6039,0
6040,1
6041,1
6042,0
6043,0
6044,0
6045,1
6046,1
6047,0
6048,1
6049,1
6050,1
6051,1
6052,1
6053,1
6054,0
6055,0
6056,0
6057,1
6058,1
6059,1
6060,0
6061,1
6062,0
6063,1
6064,0
6065,0
6066,0
6067,0
6068,0
6069,1
6070,0
6071,1
6072,1
6073,0
6074,0
6075,1
6076,0
6077,0
6078,0
6079,0
6080,0
6081,0
6082,1
6083,0
6084,0
6085,0
6086,1
6087,1
6088,0
6089,1
6090,1
6091,1
6092,1
6093,0
6094,1
6095,1
6096,0
6097,1
6098,1
6099,0
6100,1
6101,1
6102,0
6103,1
6104,0
6105,0
6106,0
6107,0
6108,0
6109,0
6110,1
6111,0
6112,1
6113,0
6114,0
6115,0
6116,1
6117,0
6118,1
6119,0
6120,0
6121,0
6122,0
6123,0
6124,1
6125,0
6126,1
6127,1
6128,1
6129,1
6130,0
6131,0
6132,1
6133,0
6134,0
6135,0
6136,1
6137,0
6138,0
6139,1
6140,0
6141,1
6142,1
6143,0
6144,1
6145,0
6146,1
6147,1
6148,0
6149,0
6150,0
6151,0
6152,0
6153,0
6154,1
6155,1
6156,1
6157,1
6158,1
6159,0
6160,1
6161,0
6162,0
6163,1
6164,1
6165,0
6166,1
6167,1
6168,1
6169,0
6170,1
6171,0
6172,0
6173,0
6174,0
6175,0
6176,1
6177,0
6178,1
6179,1
6180,1
6181,0
6182,0
6183,1
6184,0
6185,0
6186,0
6187,1
6188,1
6189,1
6190,1
6191,1
6192,1
6193,0
6194,0
6195,0
6196,1
6197,1
6198,0
6199,1
6200,1
6201,0
6202,1
6203,0
6204,1
6205,0
6206,1
6207,0
6208,1
6209,1
6210,1
6211,0
6212,1
6213,0
6214,0
6215,1
6216,1
6217,0
6218,1
6219,0
6220,0
6221,0
6222,0
6223,0
6224,0
6225,0
6226,0
6227,0
6228,1
6229,0
6230,1
6231,0
6232,1
6233,0
6234,1
6235,0
6236,0
6237,0
6238,0
6239,0
6240,1
6241,1
6242,0
6243,1
6244,0
6245,0
6246,1
6247,0
6248,1
6249,0
6250,0
6251,1
6252,1
6253,1
6254,1
6255,1
6256,1
6257,0
6258,1
6259,0
6260,1
6261,1
6262,1
6263,0
6264,0
6265,1
6266,1
6267,0
6268,1
6269,0
6270,0
6271,0
6272,0
6273,0
6274,1
6275,0
6276,0
6277,0
6278,1
6279,1
6280,1
6281,0
6282,0
6283,0
6284,0
6285,0
6286,1
6287,1
6288,1
6289,0
6290,0
6291,1
6292,0
6293,0
6294,1
6295,1
6296,0
6297,1
6298,0
6299,0
6300,1
6301,0
6302,1
6303,1
6304,0
6305,1
6306,0
6307,0
6308,1
6309,0
6310,1
6311,1
6312,0
6313,0
6314,0
6315,1
6316,0
6317,0
6318,0
6319,0
6320,0
6321,1
6322,0
6323,1
6324,0
6325,0
6326,1
6327,1
6328,0
6329,0
6330,0
6331,1
6332,0
6333,0
6334,1
6335,0
6336,0
6337,1
6338,0
6339,0
6340,0
6341,0
6342,0
6343,1
6344,1
6345,0
6346,1
6347,0
6348,1
6349,1
6350,0
6351,1
6352,1
6353,1
6354,0
6355,1
6356,0
6357,0
6358,0
6359,1
6360,1
6361,1
6362,0
6363,1
6364,0
6365,1
6366,1
6367,0
6368,1
6369,0
6370,0
6371,1
6372,0
6373,0
6374,0
6375,1
6376,1
6377,0
6378,0
6379,0
6380,0
6381,0
6382,0
6383,0
6384,1
6385,1
6386,1
6387,0
6388,0
6389,1
6390,1
6391,0
6392,1
6393,0
6394,0
6395,0
6396,0
6397,0
6398,1
6399,1
6400,0
6401,1
6402,1
6403,1
6404,0
6405,0
6406,0
6407,0
6408,0
6409,0
6410,0
6411,0
6412,1
6413,1
6414,1
6415,0
6416,0
6417,1
6418,1
6419,1
6420,0
6421,1
6422,1
6423,1
6424,0
6425,0
6426,0
6427,0
6428,1
6429,1
6430,0
6431,1
6432,1
6433,0
6434,1
6435,0
6436,0
6437,0
6438,0
6439,0
6440,1
6441,0
6442,0
6443,0
6444,0
6445,0
6446,1
6447,1
6448,0
6449,1
6450,1
6451,1
6452,0
6453,0
6454,0
6455,0
6456,1
6457,0
6458,0
6459,0
6460,1
6461,1
6462,0
6463,1
6464,1
6465,0
6466,0
6467,1
6468,0
6469,0
6470,1
6471,1
6472,1
6473,1
6474,0
6475,0
6476,0
6477,0
6478,0
6479,1
6480,0
6481,0
6482,0
6483,0
6484,1
6485,1
6486,0
6487,1
6488,1
6489,1
6490,1
6491,0
6492,0
6493,1
6494,0
6495,0
6496,0
6497,0
6498,1
6499,0
6500,1
6501,0
6502,0
6503,0
6504,0
6505,1
6506,1
6507,0
6508,1
6509,0
6510,0
6511,0
6512,0
6513,0
6514,0
6515,0
6516,0
6517,0
6518,0
6519,1
6520,0
6521,0
6522,0
6523,0
6524,0
6525,1
6526,0
6527,0
6528,0
6529,1
6530,1
6531,0
6532,0
6533,1
6534,0
6535,0
6536,0
6537,0
6538,0
6539,0
6540,0
6541,1
6542,1
6543,0
6544,0
6545,0
6546,0
6547,1
6548,1
6549,0
6550,0
6551,0
6552,1
6553,0
6554,1
6555,0
6556,1
6557,1
6558,1
6559,0
6560,1
6561,1
6562,1
6563,1
6564,0
6565,1
6566,0
6567,0
6568,1
6569,0
6570,0
6571,1
6572,0
6573,0
6574,0
6575,0
6576,0
6577,1
6578,1
6579,0
6580,0
6581,0
6582,1
6583,0
6584,0
6585,0
6586,0
6587,0
6588,0
6589,0
6590,1
6591,1
6592,0
6593,0
6594,1
6595,1
6596,0
6597,1
6598,0
6599,0
6600,0
6601,0
6602,0
6603,0
6604,0
6605,0
6606,1
6607,0
6608,1
6609,1
6610,1
6611,0
6612,1
6613,0
6614,1
6615,0
6616,1
6617,1
6618,1
6619,0
6620,0
6621,1
6622,1
6623,0
6624,0
6625,0
6626,1
6627,0
6628,0
6629,0
6630,0
6631,1
6632,0
6633,1
6634,1
6635,1
6636,0
6637,0
6638,1
6639,1
6640,0
6641,0
6642,0
6643,0
6644,1
6645,1
6646,0
6647,0
6648,0
6649,0
6650,0
6651,0
6652,1
6653,0
6654,0
6655,1
6656,1
6657,0
6658,1
6659,1
6660,1
6661,1
6662,0
6663,0
6664,0
6665,0
6666,0
6667,0
6668,0
6669,1
6670,1
6671,0
6672,1
6673,0
6674,0
6675,1
6676,0
6677,0
6678,0
6679,0
6680,1
6681,0
6682,0
6683,0
6684,0
6685,0
6686,0
6687,0
6688,1
6689,0
6690,0
6691,1
6692,0
6693,1
6694,1
6695,0
6696,0
6697,0
6698,1
6699,0
6700,1
6701,0
6702,1
6703,0
6704,1
6705,1
6706,1
6707,0
6708,1
6709,0
6710,0
6711,0
6712,1
6713,0
6714,1
6715,0
6716,0
6717,0
6718,1
6719,0
6720,1
6721,1
6722,0
6723,0
6724,0
6725,1
6726,0
6727,0
6728,0
6729,1
6730,0
6731,1
6732,1
6733,0
6734,0
6735,0
6736,0
6737,1
6738,0
6739,0
6740,1
6741,0
6742,0
6743,1
6744,1
6745,0
6746,0
6747,1
6748,1
6749,0
6750,0
6751,0
6752,0
6753,0
6754,1
6755,0
6756,1
6757,0
6758,0
6759,1
6760,0
6761,1
6762,0
6763,1
6764,0
6765,0
6766,0
6767,0
6768,0
6769,1
6770,1
6771,1
6772,1
6773,0
6774,1
6775,0
6776,0
6777,0
6778,1
6779,1
6780,1
6781,1
6782,0
6783,0
6784,0
6785,1
6786,0
6787,0
6788,0
6789,1
6790,1
6791,0
6792,0
6793,1
6794,0
6795,0
6796,0
6797,0
6798,1
6799,0
6800,1
6801,1
6802,1
6803,1
6804,1
6805,0
6806,0
6807,1
6808,1
6809,0
6810,0
6811,1
6812,0
6813,1
6814,1
6815,0
6816,0
6817,1
6818,0
6819,0
6820,1
6821,0
6822,1
6823,1
6824,0
6825,0
6826,0
6827,0
6828,1
6829,0
6830,0
6831,0
6832,1
6833,1
6834,1
6835,1
6836,1
6837,0
6838,0
6839,0
6840,1
6841,1
6842,0
6843,0
6844,0
6845,0
6846,0
6847,0
6848,1
6849,1
6850,0
6851,1
6852,0
6853,0
6854,0
6855,0
6856,0
6857,0
6858,0
6859,0
6860,1
6861,0
6862,1
6863,0
6864,1
6865,1
6866,1
6867,0
6868,1
6869,0
6870,1
6871,1
6872,1
6873,0
6874,0
6875,1
6876,1
6877,0
6878,0
6879,1
6880,1
6881,1
6882,0
6883,0
6884,1
6885,1
6886,1
6887,0
6888,1
6889,1
6890,1
6891,0
6892,0
6893,1
6894,1
6895,1
6896,0
6897,0
6898,1
6899,1
6900,1
6901,1
6902,0
6903,0
6904,1
6905,1
6906,0
6907,1
6908,1
6909,1
6910,0
6911,1
6912,0
6913,0
6914,1
6915,1
6916,1
6917,0
6918,1
6919,0
6920,0
6921,0
6922,1
6923,0
6924,0
6925,1
6926,0
6927,1
6928,0
6929,1
6930,0
6931,1
6932,0
6933,1
6934,0
6935,1
6936,0
6937,1
6938,1
6939,0
6940,0
6941,1
6942,1
6943,0
6944,0
6945,1
6946,1
6947,1
6948,1
6949,0
6950,1
6951,0
6952,0
6953,0
6954,1
6955,0
6956,1
6957,1
6958,1
6959,0
6960,1
6961,1
6962,0
6963,0
6964,0
6965,0
6966,0
6967,0
6968,0
6969,0
6970,0
6971,0
6972,1
6973,0
6974,1
6975,1
6976,0
6977,0
6978,0
6979,1
6980,0
6981,0
6982,0
6983,0
6984,1
6985,0
6986,1
6987,0
6988,0
6989,1
6990,1
6991,0
6992,1
6993,1
6994,0
6995,0
6996,1
6997,0
6998,1
6999,0
7000,0
7001,0
7002,1
7003,1
7004,0
7005,1
7006,0
7007,1
7008,0
7009,1
7010,0
7011,0
7012,0
7013,1
7014,1
7015,0
7016,0
7017,1
7018,0
7019,0
7020,0
7021,0
7022,1
7023,0
7024,0
7025,0
7026,0
7027,1
7028,0
7029,0
7030,1
7031,1
7032,1
7033,1
7034,0
7035,0
7036,0
7037,1
7038,1
7039,0
7040,0
7041,0
7042,1
7043,0
7044,1
7045,1
7046,0
7047,1
7048,0
7049,0
7050,1
7051,0
7052,1
7053,0
7054,0
7055,0
7056,1
7057,0
7058,0
7059,0
7060,0
7061,0
7062,0
7063,0
7064,1
7065,1
7066,0
7067,0
7068,0
7069,0
7070,0
7071,0
7072,0
7073,0
7074,1
7075,1
7076,1
7077,0
7078,0
7079,1
7080,1
7081,0
7082,0
7083,1
7084,0
7085,0
7086,0
7087,1
7088,1
7089,1
7090,0
7091,1
7092,0
7093,0
7094,1
7095,1
7096,1
7097,0
7098,0
7099,0
7100,1
7101,1
7102,1
7103,0
7104,0
7105,0
7106,0
7107,0
7108,0
7109,1
7110,1
7111,1
7112,0
7113,1
7114,1
7115,0
7116,0
7117,0
7118,0
7119,0
7120,0
7121,0
7122,0
7123,0
7124,1
7125,1
7126,0
7127,0
7128,1
7129,1
7130,0
7131,0
7132,0
7133,0
7134,0
7135,0
7136,1
7137,0
7138,1
7139,1
7140,0
7141,1
7142,1
7143,0
7144,1
7145,1
7146,1
7147,0
7148,0
7149,0
7150,0
7151,1
7152,0
7153,0
7154,1
7155,0
7156,0
7157,1
7158,1
7159,0
7160,1
7161,1
7162,1
7163,0
7164,0
7165,1
7166,1
7167,1
7168,0
7169,1
7170,0
7171,0
7172,0
7173,1
7174,1
7175,1
7176,1
7177,1
7178,0
7179,1
7180,0
7181,0
7182,1
7183,0
7184,0
7185,1
7186,0
7187,0
7188,0
7189,0
7190,0
7191,0
7192,0
7193,0
7194,1
7195,1
7196,0
7197,0
7198,0
7199,1
7200,0
7201,0
7202,0
7203,0
7204,1
7205,0
7206,1
7207,1
7208,0
7209,0
7210,1
7211,1
7212,1
7213,0
7214,1
7215,0
7216,0
7217,1
7218,0
7219,0
7220,1
7221,0
7222,1
7223,1
7224,1
7225,0
7226,1
7227,0
7228,0
7229,1
7230,0
7231,0
7232,1
7233,1
7234,0
7235,0
7236,1
7237,0
7238,1
7239,0
7240,0
7241,1
7242,1
7243,0
7244,0
7245,1
7246,1
7247,0
7248,0
7249,0
7250,0
7251,0
7252,0
7253,0
7254,1
7255,0
7256,1
7257,0
7258,1
7259,1
7260,0
7261,1
7262,1
7263,1
7264,0
7265,1
7266,1
7267,1
7268,1
7269,0
7270,1
7271,0
7272,1
7273,0
7274,0
7275,1
7276,0
7277,0
7278,1
7279,0
7280,0
7281,0
7282,0
7283,1
7284,0
7285,0
7286,1
7287,0
7288,0
7289,0
7290,0
7291,0
7292,0
7293,1
7294,0
7295,0
7296,1
7297,1
7298,1
7299,0
7300,1
7301,0
7302,1
7303,1
7304,1
7305,0
7306,0
7307,0
7308,0
7309,1
7310,0
7311,1
7312,1
7313,1
7314,0
7315,0
7316,1
7317,1
7318,1
7319,1
7320,1
7321,0
7322,1
7323,0
7324,1
7325,1
7326,0
7327,0
7328,1
7329,0
7330,0
7331,0
7332,1
7333,0
7334,1
7335,0
7336,1
7337,1
7338,0
7339,0
7340,0
7341,1
7342,0
7343,0
7344,1
7345,0
7346,0
7347,0
7348,1
7349,0
7350,0
7351,0
7352,1
7353,0
7354,1
7355,0
7356,1
7357,1
7358,1
7359,0
7360,0
7361,0
7362,0
7363,0
7364,0
7365,0
7366,0
7367,0
7368,1
7369,0
7370,1
7371,1
7372,0
7373,1
7374,0
7375,0
7376,0
7377,0
7378,1
7379,0
7380,0
7381,0
7382,0
7383,1
7384,1
7385,1
7386,1
7387,0
7388,0
7389,1
7390,1
7391,1
7392,0
7393,0
7394,0
7395,1
7396,1
7397,0
7398,0
7399,0
7400,0
7401,1
7402,0
7403,0
7404,0
7405,0
7406,0
7407,1
7408,0
7409,1
7410,0
7411,1
7412,0
7413,0
7414,0
7415,1
7416,1
7417,0
7418,1
7419,1
7420,0
7421,1
7422,0
7423,0
7424,1
7425,1
7426,0
7427,1
7428,0
7429,0
7430,1
7431,0
7432,0
7433,0
7434,1
7435,0
7436,0
7437,0
7438,0
7439,1
7440,0
7441,1
7442,1
7443,0
7444,0
7445,0
7446,0
7447,0
7448,0
7449,0
7450,1
7451,1
7452,1
7453,1
7454,1
7455,1
7456,1
7457,1
7458,0
7459,0
7460,1
7461,1
7462,0
7463,0
7464,1
7465,1
7466,1
7467,0
7468,1
7469,0
7470,1
7471,1
7472,1
7473,1
7474,0
7475,0
7476,1
7477,1
7478,1
7479,1
7480,0
7481,0
7482,0
7483,1
7484,0
7485,0
7486,0
7487,0
7488,0
7489,0
7490,1
7491,0
7492,0
7493,1
7494,0
7495,0
7496,0
7497,1
7498,1
7499,0
7500,0
7501,0
7502,1
7503,0
7504,0
7505,0
7506,0
7507,0
7508,0
7509,0
7510,0
7511,1
7512,0
7513,0
7514,0
7515,0
7516,1
7517,0
7518,0
7519,0
7520,1
7521,0
7522,1
7523,1
7524,0
7525,0
7526,0
7527,1
7528,1
7529,0
7530,0
7531,1
7532,1
7533,1
7534,1
7535,0
7536,0
7537,0
7538,1
7539,1
7540,0
7541,1
7542,1
7543,0
7544,0
7545,0
7546,0
7547,1
7548,0
7549,1
7550,0
7551,0
7552,0
7553,0
7554,1
7555,1
7556,1
7557,0
7558,1
7559,1
7560,0
7561,0
7562,1
7563,0
7564,0
7565,0
7566,0
7567,0
7568,1
7569,0
7570,1
7571,0
7572,0
7573,0
7574,0
7575,0
7576,1
7577,0
7578,1
7579,1
7580,1
7581,1
7582,0
7583,1
7584,0
7585,0
7586,1
7587,0
7588,1
7589,0
7590,0
7591,0
7592,1
7593,1
7594,1
7595,0
7596,0
7597,1
7598,1
7599,1
7600,0
7601,1
7602,0
7603,1
7604,1
7605,1
7606,1
7607,0
7608,1
7609,0
7610,1
7611,0
7612,0
7613,1
7614,0
7615,1
7616,1
7617,1
7618,0
7619,1
7620,0
7621,0
7622,0
7623,1
7624,0
7625,0
7626,0
7627,0
7628,1
7629,0
7630,0
7631,1
7632,0
7633,0
7634,0
7635,1
7636,0
7637,0
7638,0
7639,1
7640,0
7641,1
7642,1
7643,0
7644,1
7645,0
7646,0
7647,1
7648,1
7649,0
7650,1
7651,1
7652,1
7653,1
7654,1
7655,1
7656,0
7657,0
7658,0
7659,1
7660,0
7661,0
7662,0
7663,0
7664,0
7665,0
7666,0
7667,0
7668,1
7669,1
7670,0
7671,0
7672,1
7673,0
7674,1
7675,0
7676,0
7677,0
7678,0
7679,0
7680,0
7681,0
7682,0
7683,0
7684,1
7685,0
7686,1
7687,0
7688,1
7689,0
7690,0
7691,0
7692,1
7693,0
7694,0
7695,1
7696,1
7697,0
7698,1
7699,0
7700,0
7701,1
7702,0
7703,1
7704,1
7705,1
7706,1
7707,1
7708,0
7709,0
7710,0
7711,1
7712,0
7713,1
7714,1
7715,1
7716,1
7717,0
7718,0
7719,1
7720,0
7721,1
7722,0
7723,1
7724,0
7725,0
7726,0
7727,1
7728,0
7729,0
7730,1
7731,1
7732,0
7733,1
7734,0
7735,0
7736,1
7737,0
7738,0
7739,0
7740,1
7741,0
7742,0
7743,0
7744,0
7745,0
7746,1
7747,1
7748,0
7749,0
7750,0
7751,0
7752,1
7753,0
7754,0
7755,0
7756,1
7757,0
7758,0
7759,1
7760,0
7761,1
7762,0
7763,1
7764,1
7765,0
7766,1
7767,0
7768,1
7769,0
7770,1
7771,0
7772,1
7773,1
7774,1
7775,0
7776,0
7777,0
7778,0
7779,0
7780,0
7781,1
7782,0
7783,0
7784,1
7785,0
7786,1
7787,1
7788,1
7789,1
7790,1
7791,0
7792,0
7793,1
7794,0
7795,1
7796,0
7797,1
7798,1
7799,1
7800,0
7801,1
7802,1
7803,0
7804,1
7805,0
7806,0
7807,1
7808,0
7809,1
7810,0
7811,0
7812,1
7813,1
7814,0
7815,1
7816,0
7817,1
7818,1
7819,0
7820,1
7821,0
7822,1
7823,0
7824,1
7825,0
7826,1
7827,1
7828,1
7829,0
7830,1
7831,0
7832,0
7833,0
7834,0
7835,1
7836,1
7837,0
7838,1
7839,0
7840,1
7841,0
7842,0
7843,1
7844,0
7845,0
7846,0
7847,0
7848,1
7849,0
7850,0
7851,0
7852,0
7853,0
7854,0
7855,0
7856,1
7857,1
7858,0
7859,0
7860,1
7861,0
7862,1
7863,0
7864,1
7865,0
7866,0
7867,0
7868,0
7869,0
7870,1
7871,0
7872,1
7873,0
7874,1
7875,0
7876,1
7877,0
7878,0
7879,1
7880,1
7881,0
7882,1
7883,0
7884,1
7885,1
7886,1
7887,0
7888,0
7889,1
7890,0
7891,0
7892,1
7893,1
7894,1
7895,0
7896,1
7897,0
7898,1
7899,0
7900,1
7901,1
7902,0
7903,0
7904,1
7905,0
7906,0
7907,0
7908,1
7909,0
7910,0
7911,0
7912,1
7913,0
7914,0
7915,1
7916,1
7917,0
7918,1
7919,1
7920,1
7921,1
7922,0
7923,0
7924,1
7925,0
7926,0
7927,1
7928,0
7929,0
7930,0
7931,1
7932,0
7933,0
7934,0
7935,1
7936,0
7937,1
7938,1
7939,0
7940,0
7941,1
7942,1
7943,1
7944,0
7945,1
7946,0
7947,1
7948,0
7949,0
7950,0
7951,1
7952,0
7953,1
7954,1
7955,0
7956,0
7957,0
7958,1
7959,0
7960,0
7961,1
7962,1
7963,0
7964,1
7965,0
7966,1
7967,1
7968,0
7969,0
7970,0
7971,1
7972,0
7973,1
7974,0
7975,0
7976,1
7977,0
7978,0
7979,0
7980,1
7981,0
7982,1
7983,1
7984,1
7985,1
7986,0
7987,1
7988,0
7989,1
7990,1
7991,1
7992,0
7993,1
7994,1
7995,0
7996,0
7997,0
7998,1
7999,0
8000,1
8001,0
8002,0
8003,1
8004,0
8005,1
8006,1
8007,1
8008,1
8009,0
8010,0
8011,1
8012,0
8013,1
8014,1
8015,0
8016,1
8017,1
8018,0
8019,0
8020,1
8021,1
8022,1
8023,0
8024,0
8025,0
8026,0
8027,0
8028,1
8029,0
8030,0
8031,0
8032,1
8033,0
8034,1
8035,1
8036,0
8037,0
8038,1
8039,0
8040,0
8041,0
8042,0
8043,1
8044,0
8045,1
8046,1
8047,0
8048,1
8049,1
8050,1
8051,0
8052,1
8053,1
8054,0
8055,1
8056,0
8057,1
8058,0
8059,1
8060,1
8061,1
8062,0
8063,1
8064,0
8065,1
8066,0
8067,1
8068,0
8069,1
8070,0
8071,0
8072,0
8073,0
8074,0
8075,0
8076,1
8077,0
8078,0
8079,0
8080,0
8081,1
8082,0
8083,0
8084,0
8085,0
8086,0
8087,0
8088,1
8089,0
8090,0
8091,1
8092,1
8093,0
8094,0
8095,0
8096,1
8097,1
8098,0
8099,0
8100,0
8101,1
8102,0
8103,1
8104,0
8105,1
8106,1
8107,0
8108,0
8109,0
8110,0
8111,1
8112,0
8113,0
8114,0
8115,0
8116,0
8117,0
8118,0
8119,1
8120,1
8121,0
8122,1
8123,0
8124,0
8125,0
8126,1
8127,0
8128,1
8129,0
8130,0
8131,0
8132,0
8133,0
8134,0
8135,0
8136,1
8137,0
8138,0
8139,1
8140,0
8141,0
8142,1
8143,0
8144,0
8145,1
8146,0
8147,0
8148,1
8149,0
8150,1
8151,0
8152,0
8153,1
8154,1
8155,1
8156,1
8157,1
8158,1
8159,0
8160,0
8161,1
8162,1
8163,0
8164,1
8165,0
8166,0
8167,1
8168,0
8169,1
8170,1
8171,1
8172,1
8173,0
8174,0
8175,0
8176,0
8177,1
8178,0
8179,0
8180,0
8181,0
8182,0
8183,0
8184,1
8185,0
8186,1
8187,1
8188,0
8189,0
8190,0
8191,1
8192,1
8193,1
8194,1
8195,0
8196,0
8197,0
8198,1
8199,1
8200,0
8201,0
8202,1
8203,1
8204,0
8205,0
8206,1
8207,1
8208,0
8209,0
8210,1
8211,1
8212,0
8213,0
8214,1
8215,0
8216,0
8217,1
8218,0
8219,1
8220,1
8221,0
8222,0
8223,1
8224,0
8225,1
8226,0
8227,1
8228,0
8229,0
8230,0
8231,1
8232,0
8233,0
8234,1
8235,0
8236,0
8237,1
8238,0
8239,0
8240,0
8241,0
8242,1
8243,1
8244,1
8245,0
8246,0
8247,0
8248,1
8249,1
8250,0
8251,0
8252,1
8253,0
8254,0
8255,0
8256,0
8257,1
8258,1
8259,1
8260,0
8261,1
8262,1
8263,0
8264,0
8265,0
8266,1
8267,0
8268,1
8269,0
8270,0
8271,1
8272,1
8273,0
8274,1
8275,0
8276,0
8277,0
8278,1
8279,1
8280,1
8281,1
8282,0
8283,0
8284,1
8285,0
8286,1
8287,0
8288,1
8289,0
8290,0
8291,0
8292,0
8293,1
8294,0
8295,0
8296,1
8297,0
8298,0
8299,0
8300,1
8301,1
8302,1
8303,1
8304,0
8305,1
8306,0
8307,0
8308,1
8309,1
8310,0
8311,1
8312,0
8313,0
8314,1
8315,0
8316,1
8317,0
8318,0
8319,0
8320,1
8321,1
8322,1
8323,0
8324,0
8325,0
8326,0
8327,1
8328,1
8329,1
8330,1
8331,0
8332,1
8333,0
8334,0
8335,1
8336,0
8337,0
8338,0
8339,0
8340,0
8341,0
8342,0
8343,0
8344,0
8345,1
8346,1
8347,1
8348,0
8349,0
8350,0
8351,0
8352,1
8353,1
8354,0
8355,0
8356,0
8357,0
8358,0
8359,0
8360,1
8361,1
8362,1
8363,1
8364,1
8365,1
8366,0
8367,1
8368,1
8369,0
8370,0
8371,1
8372,0
8373,0
8374,0
8375,1
8376,1
8377,1
8378,0
8379,0
8380,1
8381,0
8382,0
8383,0
8384,0
8385,1
8386,0
8387,0
8388,0
8389,0
8390,1
8391,0
8392,1
8393,1
8394,0
8395,1
8396,1
8397,1
8398,1
8399,0
8400,1
8401,0
8402,1
8403,0
8404,1
8405,1
8406,1
8407,1
8408,1
8409,0
8410,0
8411,0
8412,1
8413,0
8414,0
8415,0
8416,0
8417,1
8418,1
8419,0
8420,0
8421,1
8422,1
8423,0
8424,0
8425,1
8426,1
8427,1
8428,0
8429,0
8430,0
8431,0
8432,0
8433,0
8434,0
8435,0
8436,0
8437,0
8438,1
8439,0
8440,0
8441,0
8442,0
8443,0
8444,1
8445,0
8446,0
8447,0
8448,1
8449,1
8450,0
8451,0
8452,0
8453,0
8454,0
8455,0
8456,1
8457,0
8458,1
8459,1
8460,0
8461,0
8462,0
8463,1
8464,0
8465,1
8466,1
8467,0
8468,0
8469,0
8470,1
8471,0
8472,0
8473,1
8474,1
8475,0
8476,0
8477,0
8478,0
8479,0
8480,1
8481,0
8482,0
8483,1
8484,1
8485,0
8486,0
8487,1
8488,1
8489,0
8490,1
8491,0
8492,0
8493,0
8494,0
8495,0
8496,1
8497,1
8498,1
8499,0
8500,0
8501,0
8502,0
8503,1
8504,1
8505,1
8506,1
8507,0
8508,0
8509,0
8510,1
8511,1
8512,0
8513,0
8514,0
8515,0
8516,1
8517,0
8518,0
8519,0
8520,0
8521,0
8522,0
8523,0
8524,0
8525,1
8526,0
8527,1
8528,1
8529,1
8530,1
8531,1
8532,0
8533,0
8534,0
8535,0
8536,1
8537,1
8538,0
8539,1
8540,1
8541,0
8542,1
8543,0
8544,1
8545,1
8546,0
8547,0
8548,1
8549,0
8550,0
8551,0
8552,1
8553,1
8554,1
8555,1
8556,0
8557,0
8558,0
8559,0
8560,0
8561,0
8562,1
8563,0
8564,1
8565,1
8566,0
8567,0
8568,0
8569,0
8570,0
8571,0
8572,1
8573,0
8574,0
8575,1
8576,1
8577,0
8578,1
8579,0
8580,0
8581,0
8582,0
8583,1
8584,1
8585,0
8586,0
8587,1
8588,1
8589,0
8590,0
8591,0
8592,0
8593,0
8594,1
8595,0
8596,0
8597,0
8598,1
8599,0
8600,0
8601,1
8602,0
8603,0
8604,1
8605,0
8606,0
8607,1
8608,0
8609,0
8610,0
8611,0
8612,0
8613,0
8614,1
8615,0
8616,1
8617,0
8618,1
8619,0
8620,1
8621,1
8622,0
8623,1
8624,0
8625,0
8626,0
8627,0
8628,0
8629,1
8630,0
8631,0
8632,1
8633,1
8634,0
8635,0
8636,0
8637,1
8638,0
8639,1
8640,0
8641,1
8642,0
8643,1
8644,0
8645,0
8646,1
8647,1
8648,0
8649,1
8650,0
8651,0
8652,1
8653,0
8654,0
8655,1
8656,0
8657,0
8658,1
8659,0
8660,0
8661,1
8662,1
8663,0
8664,1
8665,1
8666,0
8667,1
8668,1
8669,1
8670,0
8671,1
8672,0
8673,1
8674,0
8675,1
8676,1
8677,1
8678,1
8679,1
8680,1
8681,1
8682,0
8683,0
8684,1
8685,0
8686,0
8687,0
8688,1
8689,1
8690,0
8691,0
8692,1
8693,0
8694,0
8695,1
8696,0
8697,1
8698,0
8699,0
8700,0
8701,0
8702,1
8703,1
8704,1
8705,1
8706,0
8707,0
8708,1
8709,1
8710,0
8711,0
8712,1
8713,1
8714,0
8715,0
8716,0
8717,1
8718,1
8719,0
8720,0
8721,0
8722,1
8723,0
8724,1
8725,0
8726,0
8727,0
8728,1
8729,1
8730,0
8731,1
8732,0
8733,1
8734,0
8735,1
8736,0
8737,1
8738,0
8739,0
8740,0
8741,0
8742,0
8743,1
8744,0
8745,0
8746,0
8747,0
8748,0
8749,0
8750,1
8751,0
8752,0
8753,0
8754,1
8755,0
8756,0
8757,1
8758,0
8759,0
8760,1
8761,0
8762,0
8763,1
8764,1
8765,1
8766,0
8767,0
8768,0
8769,0
8770,1
8771,0
8772,1
8773,0
8774,0
8775,0
8776,1
8777,1
8778,0
8779,1
8780,1
8781,0
8782,1
8783,0
8784,0
8785,1
8786,1
8787,0
8788,0
8789,1
8790,1
8791,0
8792,0
8793,0
8794,0
8795,0
8796,0
8797,0
8798,0
8799,1
8800,0
8801,1
8802,0
8803,1
8804,0
8805,0
8806,1
8807,0
8808,1
8809,0
8810,1
8811,1
8812,0
8813,1
8814,1
8815,0
8816,0
8817,0
8818,1
8819,1
8820,0
8821,0
8822,0
8823,0
8824,1
8825,0
8826,1
8827,1
8828,1
8829,1
8830,0
8831,0
8832,1
8833,0
8834,1
8835,0
8836,0
8837,0
8838,1
8839,1
8840,1
8841,0
8842,1
8843,0
8844,0
8845,0
8846,0
8847,0
8848,1
8849,0
8850,1
8851,0
8852,1
8853,0
8854,1
8855,1
8856,1
8857,1
8858,0
8859,0
8860,0
8861,0
8862,1
8863,0
8864,0
8865,1
8866,0
8867,1
8868,0
8869,1
8870,0
8871,0
8872,0
8873,1
8874,0
8875,0
8876,1
8877,0
8878,0
8879,0
8880,0
8881,0
8882,0
8883,1
8884,0
8885,1
8886,0
8887,1
8888,0
8889,0
8890,0
8891,0
8892,0
8893,1
8894,1
8895,0
8896,0
8897,1
8898,0
8899,0
8900,1
8901,0
8902,0
8903,0
8904,0
8905,1
8906,0
8907,1
8908,0
8909,1
8910,0
8911,0
8912,0
8913,1
8914,1
8915,1
8916,0
8917,0
8918,1
8919,1
8920,1
8921,0
8922,0
8923,1
8924,0
8925,1
8926,1
8927,0
8928,0
8929,1
8930,0
8931,1
8932,0
8933,1
8934,0
8935,0
8936,0
8937,0
8938,0
8939,1
8940,0
8941,0
8942,1
8943,1
8944,0
8945,0
8946,0
8947,0
8948,1
8949,1
8950,0
8951,0
8952,0
8953,1
8954,1
8955,0
8956,1
8957,1
8958,0
8959,1
8960,1
8961,1
8962,0
8963,1
8964,1
8965,0
8966,0
8967,0
8968,0
8969,0
8970,1
8971,0
8972,0
8973,1
8974,1
8975,0
8976,0
8977,0
8978,1
8979,0
8980,1
8981,0
8982,1
8983,0
8984,1
8985,1
8986,0
8987,1
8988,1
8989,1
8990,0
8991,0
8992,1
8993,0
8994,0
8995,1
8996,0
8997,0
8998,0
8999,0
9000,1
9001,1
9002,0
9003,0
9004,0
9005,1
9006,0
9007,0
9008,0
9009,0
9010,0
9011,1
9012,1
9013,1
9014,1
9015,0
9016,0
9017,1
9018,0
9019,0
9020,0
9021,1
9022,0
9023,0
9024,0
9025,1
9026,1
9027,0
9028,1
9029,1
9030,0
9031,0
9032,0
9033,1
9034,1
9035,0
9036,1
9037,0
9038,1
9039,1
9040,0
9041,1
9042,1
9043,1
9044,1
9045,0
9046,0
9047,0
9048,0
9049,1
9050,0
9051,0
9052,1
9053,0
9054,0
9055,0
9056,0
9057,0
9058,0
9059,0
9060,0
9061,0
9062,1
9063,1
9064,1
9065,0
9066,0
9067,1
9068,0
9069,0
9070,0
9071,1
9072,1
9073,1
9074,1
9075,0
9076,0
9077,1
9078,1
9079,0
9080,0
9081,1
9082,1
9083,1
9084,1
9085,1
9086,1
9087,1
9088,1
9089,1
9090,0
9091,0
9092,0
9093,1
9094,1
9095,1
9096,0
9097,1
9098,1
9099,0
9100,0
9101,0
9102,0
9103,0
9104,1
9105,1
9106,0
9107,0
9108,0
9109,1
9110,1
9111,0
9112,0
9113,0
9114,0
9115,0
9116,1
9117,0
9118,1
9119,1
9120,0
9121,1
9122,0
9123,0
9124,1
9125,0
9126,0
9127,1
9128,1
9129,0
9130,1
9131,0
9132,1
9133,0
9134,0
9135,0
9136,0
9137,1
9138,1
9139,0
9140,0
9141,1
9142,0
9143,0
9144,0
9145,1
9146,1
9147,0
9148,1
9149,0
9150,1
9151,1
9152,1
9153,0
9154,0
9155,1
9156,1
9157,1
9158,0
9159,0
9160,0
9161,1
9162,0
9163,0
9164,1
9165,1
9166,0
9167,0
9168,0
9169,0
9170,1
9171,0
9172,0
9173,1
9174,0
9175,0
9176,0
9177,0
9178,1
9179,0
9180,1
9181,1
9182,1
9183,0
9184,0
9185,0
9186,1
9187,1
9188,0
9189,1
9190,0
9191,0
9192,1
9193,0
9194,0
9195,0
9196,1
9197,1
9198,0
9199,1
9200,0
9201,1
9202,0
9203,1
9204,1
9205,0
9206,1
9207,0
9208,0
9209,0
9210,0
9211,1
9212,1
9213,1
9214,0
9215,1
9216,0
9217,0
9218,1
9219,1
9220,0
9221,1
9222,0
9223,1
9224,0
9225,0
9226,0
9227,0
9228,0
9229,0
9230,1
9231,1
9232,0
9233,0
9234,0
9235,1
9236,0
9237,0
9238,0
9239,1
9240,0
9241,0
9242,0
9243,1
9244,0
9245,0
9246,0
9247,0
9248,0
9249,0
9250,0
9251,1
9252,0
9253,1
9254,1
9255,0
9256,1
9257,0
9258,0
9259,1
9260,0
9261,0
9262,1
9263,1
9264,1
9265,0
9266,0
9267,0
9268,0
9269,0
9270,0
9271,1
9272,1
9273,1
9274,1
9275,1
9276,0
9277,0
9278,1
9279,1
9280,0
9281,1
9282,0
9283,0
9284,1
9285,0
9286,1
9287,1
9288,0
9289,0
9290,1
9291,1
9292,0
9293,1
9294,0
9295,0
9296,1
9297,0
9298,0
9299,1
9300,0
9301,1
9302,0
9303,0
9304,1
9305,0
9306,1
9307,0
9308,0
9309,1
9310,1
9311,0
9312,0
9313,1
9314,1
9315,1
9316,0
9317,0
9318,0
9319,1
9320,0
9321,0
9322,0
9323,0
9324,0
9325,0
9326,0
9327,1
9328,1
9329,0
9330,0
9331,0
9332,0
9333,1
9334,0
9335,0
9336,1
9337,1
9338,1
9339,0
9340,0
9341,0
9342,1
9343,0
9344,1
9345,0
9346,1
9347,1
9348,0
9349,1
9350,1
9351,1
9352,0
9353,0
9354,0
9355,1
9356,0
9357,0
9358,1
9359,0
9360,0
9361,1
9362,0
9363,0
9364,0
9365,1
9366,1
9367,0
9368,0
9369,1
9370,0
9371,0
9372,1
9373,1
9374,0
9375,0
9376,0
9377,1
9378,1
9379,1
9380,1
9381,0
9382,0
9383,0
9384,0
9385,0
9386,1
9387,1
9388,0
9389,1
9390,1
9391,0
9392,0
9393,1
9394,0
9395,0
9396,1
9397,1
9398,0
9399,1
9400,0
9401,1
9402,0
9403,0
9404,0
9405,0
9406,1
9407,0
9408,0
9409,0
9410,0
9411,0
9412,0
9413,0
9414,0
9415,0
9416,1
9417,1
9418,0
9419,0
9420,0
9421,1
9422,0
9423,0
9424,1
9425,0
9426,1
9427,0
9428,1
9429,0
9430,0
9431,0
9432,0
9433,1
9434,0
9435,1
9436,1
9437,1
9438,1
9439,0
9440,0
9441,0
9442,0
9443,1
9444,1
9445,1
9446,0
9447,0
9448,1
9449,0
9450,1
9451,1
9452,1
9453,0
9454,1
9455,0
9456,0
9457,1
9458,0
9459,0
9460,0
9461,0
9462,0
9463,0
9464,0
9465,1
9466,0
9467,0
9468,1
9469,1
9470,0
9471,1
9472,0
9473,1
9474,0
9475,1
9476,0
9477,0
9478,1
9479,0
9480,0
9481,0
9482,1
9483,0
9484,0
9485,0
9486,0
9487,1
9488,0
9489,0
9490,1
9491,0
9492,1
9493,0
9494,1
9495,0
9496,1
9497,0
9498,1
9499,1
9500,1
9501,1
9502,0
9503,0
9504,0
9505,0
9506,0
9507,0
9508,0
9509,0
9510,0
9511,0
9512,1
9513,1
9514,1
9515,1
9516,0
9517,0
9518,1
9519,0
9520,0
9521,0
9522,0
9523,0
9524,0
9525,0
9526,0
9527,1
9528,1
9529,0
9530,1
9531,1
9532,0
9533,0
9534,1
9535,0
9536,0
9537,1
9538,1
9539,0
9540,0
9541,1
9542,1
9543,1
9544,1
9545,1
9546,0
9547,0
9548,1
9549,1
9550,0
9551,0
9552,0
9553,0
9554,0
9555,0
9556,0
9557,0
9558,0
9559,1
9560,0
9561,0
9562,0
9563,0
9564,0
9565,1
9566,1
9567,0
9568,0
9569,0
9570,1
9571,1
9572,1
9573,1
9574,0
9575,1
9576,0
9577,0
9578,0
9579,1
9580,1
9581,1
9582,1
9583,1
9584,0
9585,0
9586,1
9587,0
9588,0
9589,0
9590,1
9591,1
9592,0
9593,1
9594,1
9595,1
9596,1
9597,1
9598,0
9599,0
9600,1
9601,1
9602,0
9603,0
9604,1
9605,0
9606,0
9607,0
9608,1
9609,0
9610,0
9611,0
9612,1
9613,1
9614,1
9615,0
9616,0
9617,1
9618,1
9619,1
9620,0
9621,1
9622,0
9623,0
9624,0
9625,0
9626,1
9627,1
9628,1
9629,0
9630,0
9631,1
9632,0
9633,0
9634,0
9635,1
9636,1
9637,0
9638,0
9639,0
9640,1
9641,1
9642,0
9643,1
9644,0
9645,1
9646,1
9647,1
9648,1
9649,1
9650,1
9651,0
9652,0
9653,1
9654,0
9655,1
9656,1
9657,1
9658,1
9659,1
9660,0
9661,1
9662,1
9663,0
9664,0
9665,1
9666,0
9667,1
9668,0
9669,0
9670,0
9671,1
9672,0
9673,0
9674,1
9675,1
9676,0
9677,1
9678,0
9679,0
9680,1
9681,0
9682,0
9683,1
9684,1
9685,1
9686,1
9687,1
9688,0
9689,0
9690,1
9691,0
9692,1
9693,1
9694,0
9695,1
9696,0
9697,1
9698,1
9699,0
9700,0
9701,0
9702,1
9703,1
9704,1
9705,1
9706,1
9707,1
9708,0
9709,0
9710,0
9711,0
9712,1
9713,0
9714,1
9715,0
9716,0
9717,0
9718,0
9719,0
9720,0
9721,0
9722,1
9723,1
9724,0
9725,1
9726,1
9727,0
9728,0
9729,0
9730,1
9731,0
9732,1
9733,1
9734,0
9735,1
9736,1
9737,0
9738,0
9739,0
9740,1
9741,1
9742,1
9743,1
9744,0
9745,0
9746,1
9747,1
9748,0
9749,1
9750,0
9751,0
9752,0
9753,1
9754,0
9755,1
9756,0
9757,1
9758,1
9759,0
9760,0
9761,0
9762,1
9763,0
9764,1
9765,0
9766,1
9767,1
9768,0
9769,0
9770,0
9771,1
9772,0
9773,0
9774,1
9775,0
9776,0
9777,1
9778,0
9779,1
9780,0
9781,0
9782,0
9783,0
9784,0
9785,0
9786,1
9787,0
9788,0
9789,1
9790,0
9791,1
9792,0
9793,1
9794,0
9795,1
9796,0
9797,1
9798,1
9799,1
9800,1
9801,0
9802,1
9803,1
9804,0
9805,0
9806,0
9807,1
9808,0
9809,1
9810,0
9811,1
9812,0
9813,0
9814,0
9815,0
9816,1
9817,0
9818,1
9819,1
9820,0
9821,0
9822,0
9823,0
9824,1
9825,1
9826,1
9827,0
9828,0
9829,0
9830,1
9831,0
9832,1
9833,0
9834,1
9835,0
9836,0
9837,0
9838,1
9839,0
9840,1
9841,1
9842,1
9843,0
9844,1
9845,0
9846,0
9847,0
9848,0
9849,0
9850,0
9851,1
9852,0
9853,0
9854,1
9855,1
9856,1
9857,0
9858,0
9859,1
9860,1
9861,0
9862,1
9863,1
9864,1
9865,1
9866,1
9867,0
9868,0
9869,0
9870,0
9871,1
9872,1
9873,0
9874,0
9875,0
9876,0
9877,1
9878,1
9879,0
9880,1
9881,0
9882,1
9883,0
9884,1
9885,1
9886,0
9887,0
9888,1
9889,1
9890,0
9891,1
9892,1
9893,0
9894,1
9895,0
9896,0
9897,0
9898,1
9899,0
9900,0
9901,0
9902,1
9903,1
9904,1
9905,1
9906,1
9907,0
9908,1
9909,0
9910,0
9911,1
9912,1
9913,1
9914,0
9915,0
9916,0
9917,0
9918,0
9919,1
9920,0
9921,0
9922,0
9923,0
9924,1
9925,1
9926,0
9927,0
9928,1
9929,1
9930,1
9931,0
9932,0
9933,0
9934,1
9935,0
9936,1
9937,1
9938,1
9939,0
9940,0
9941,0
9942,0
9943,0
9944,0
9945,1
9946,1
9947,0
9948,1
9949,0
9950,0
9951,0
9952,1
9953,0
9954,0
9955,0
9956,0
9957,0
9958,0
9959,1
9960,1
9961,0
9962,1
9963,0
9964,0
9965,0
9966,1
9967,0
9968,1
9969,1
9970,0
9971,1
9972,1
9973,0
9974,1
9975,0
9976,1
9977,1
9978,0
9979,0
9980,0
9981,1
9982,0
9983,0
9984,1
9985,1
9986,1
9987,0
9988,0
9989,1
9990,1
9991,1
9992,1
9993,0
9994,0
9995,0
9996,1
9997,0
9998,0
9999,0
10000,0
10001,0
10002,0
10003,0
10004,1
10005,1
10006,1
10007,0
10008,0
10009,0
10010,0
10011,0
10012,1
10013,0
10014,1
10015,1
10016,1
10017,0
10018,0
10019,0
10020,0
10021,1
10022,0
10023,1
10024,0
10025,0
10026,0
10027,1
10028,0
10029,1
10030,1
10031,1
10032,1
10033,1
10034,0
10035,1
10036,1
10037,1
10038,0
10039,1
10040,1
10041,0
10042,1
10043,1
10044,0
10045,1
10046,1
10047,0
10048,1
10049,0
10050,1
10051,0
10052,1
10053,1
10054,1
10055,0
10056,0
10057,0
10058,0
10059,1
10060,1
10061,1
10062,0
10063,0
10064,1
10065,0
10066,0
10067,1
10068,1
10069,0
10070,0
10071,0
10072,0
10073,0
10074,1
10075,0
10076,0
10077,0
10078,0
10079,0
10080,0
10081,0
10082,1
10083,0
10084,0
10085,0
10086,1
10087,1
10088,0
10089,0
10090,0
10091,1
10092,1
10093,0
10094,1
10095,0
10096,1
10097,1
10098,0
10099,0
10100,1
10101,1
10102,0
10103,0
10104,0
10105,1
10106,1
10107,0
10108,1
10109,0
10110,0
10111,1
10112,1
10113,1
10114,1
10115,0
10116,0
10117,0
10118,0
10119,1
10120,0
10121,1
10122,0
10123,1
10124,0
10125,0
10126,1
10127,0
10128,1
10129,0
10130,0
10131,0
10132,1
10133,1
10134,0
10135,1
10136,1
10137,1
10138,1
10139,1
10140,1
10141,1
10142,0
10143,0
10144,0
10145,0
10146,0
10147,0
10148,0
10149,1
10150,0
10151,0
10152,1
10153,0
10154,0
10155,0
10156,1
10157,0
10158,1
10159,0
10160,1
10161,0
10162,1
10163,0
10164,0
10165,1
10166,0
10167,1
10168,1
10169,1
10170,1
10171,0
10172,1
10173,1
10174,0
10175,0
10176,0
10177,0
10178,1
10179,1
10180,0
10181,0
10182,1
10183,1
10184,0
10185,0
10186,0
10187,1
10188,0
10189,0
10190,1
10191,0
10192,1
10193,0
10194,1
10195,0
10196,1
10197,0
10198,1
10199,0
10200,1
10201,0
10202,1
10203,0
10204,0
10205,0
10206,1
10207,0
10208,1
10209,1
10210,0
10211,0
10212,1
10213,0
10214,0
10215,0
10216,0
10217,1
10218,1
10219,0
10220,0
10221,0
10222,0
10223,0
10224,1
10225,0
10226,0
10227,0
10228,1
10229,0
10230,0
10231,0
10232,0
10233,1
10234,1
10235,0
10236,1
10237,0
10238,0
10239,1
10240,0
10241,0
10242,1
10243,0
10244,1
10245,1
10246,0
10247,0
10248,0
10249,0
10250,1
10251,1
10252,1
10253,0
10254,0
10255,0
10256,0
10257,0
10258,1
10259,0
10260,1
10261,1
10262,0
10263,0
10264,1
10265,0
10266,0
10267,0
10268,0
10269,0
10270,0
10271,1
10272,1
10273,0
10274,0
10275,0
10276,1
10277,0
10278,1
10279,0
10280,0
10281,1
10282,0
10283,0
10284,0
10285,0
10286,1
10287,1
10288,1
10289,0
10290,0
10291,1
10292,0
10293,0
10294,0
10295,0
10296,1
10297,0
10298,0
10299,0
10300,0
10301,0
10302,1
10303,1
10304,0
10305,1
10306,1
10307,0
10308,0
10309,0
10310,1
10311,0
10312,1
10313,0
10314,0
10315,0
10316,1
10317,1
10318,0
10319,0
10320,1
10321,0
10322,1
10323,0
10324,0
10325,1
10326,1
10327,0
10328,0
10329,1
10330,0
10331,1
10332,1
10333,0
10334,0
10335,1
10336,0
10337,0
10338,1
10339,0
10340,0
10341,0
10342,1
10343,0
10344,0
10345,0
10346,0
10347,0
10348,1
10349,1
10350,0
10351,0
10352,0
10353,0
10354,1
10355,0
10356,0
10357,0
10358,1
10359,1
10360,0
10361,0
10362,1
10363,0
10364,1
10365,0
10366,0
10367,0
10368,0
10369,0
10370,0
10371,0
10372,0
10373,0
10374,1
10375,0
10376,0
10377,1
10378,1
10379,1
10380,0
10381,1
10382,1
10383,0
10384,0
10385,0
10386,0
10387,1
10388,1
10389,0
10390,0
10391,1
10392,0
10393,1
10394,1
10395,0
10396,0
10397,0
10398,1
10399,0
10400,0
10401,1
10402,1
10403,0
10404,1
10405,0
10406,0
10407,0
10408,0
10409,1
10410,1
10411,1
10412,0
10413,1
10414,1
10415,0
10416,1
10417,1
10418,0
10419,1
10420,0
10421,0
10422,0
10423,0
10424,0
10425,0
10426,0
10427,1
10428,1
10429,1
10430,1
10431,0
10432,1
10433,1
10434,0
10435,0
10436,0
10437,1
10438,0
10439,0
10440,1
10441,0
10442,1
10443,0
10444,0
10445,0
10446,0
10447,0
10448,0
10449,0
10450,1
10451,0
10452,0
10453,1
10454,0
10455,0
10456,0
10457,1
10458,1
10459,0
10460,0
10461,0
10462,1
10463,0
10464,0
10465,0
10466,1
10467,0
10468,1
10469,1
10470,1
10471,1
10472,1
10473,0
10474,1
10475,1
10476,1
10477,0
10478,0
10479,0
10480,1
10481,1
10482,0
10483,0
10484,0
10485,0
10486,1
10487,0
10488,0
10489,1
10490,1
10491,0
10492,0
10493,0
10494,1
10495,0
10496,0
10497,0
10498,1
10499,1
10500,1
10501,1
10502,0
10503,0
10504,0
10505,1
10506,0
10507,0
10508,0
10509,1
10510,0
10511,1
10512,0
10513,0
10514,1
10515,0
10516,0
10517,0
10518,1
10519,0
10520,0
10521,1
10522,0
10523,0
10524,0
10525,1
10526,0
10527,1
10528,0
10529,0
10530,0
10531,0
10532,1
10533,0
10534,0
10535,0
10536,0
10537,0
10538,0
10539,1
10540,0
10541,0
10542,0
10543,0
10544,1
10545,0
10546,1
10547,1
10548,1
10549,0
10550,0
10551,0
10552,0
10553,0
10554,1
10555,0
10556,1
10557,0
10558,0
10559,1
10560,1
10561,1
10562,0
10563,1
10564,1
10565,1
10566,1
10567,1
10568,0
10569,0
10570,1
10571,1
10572,0
10573,1
10574,0
10575,0
10576,1
10577,0
10578,1
10579,0
10580,1
10581,0
10582,0
10583,1
10584,0
10585,1
10586,0
10587,0
10588,1
10589,1
10590,0
10591,1
10592,0
10593,1
10594,1
10595,0
10596,0
10597,0
10598,1
10599,0
10600,1
10601,0
10602,0
10603,0
10604,0
10605,0
10606,1
10607,0
10608,1
10609,1
10610,1
10611,1
10612,1
10613,0
10614,0
10615,1
10616,1
10617,1
10618,0
10619,0
10620,0
10621,0
10622,0
10623,1
10624,0
10625,1
10626,1
10627,0
10628,0
10629,1
10630,1
10631,1
10632,0
10633,1
10634,1
10635,0
10636,1
10637,1
10638,0
10639,0
10640,1
10641,1
10642,0
10643,0
10644,1
10645,0
10646,0
10647,1
10648,0
10649,1
10650,0
10651,1
10652,1
10653,1
10654,0
10655,1
10656,1
10657,0
10658,0
10659,1
10660,1
10661,0
10662,1
10663,0
10664,1
10665,1
10666,1
10667,0
10668,0
10669,1
10670,0
10671,0
10672,0
10673,0
10674,0
10675,0
10676,0
10677,1
10678,1
10679,0
10680,0
10681,1
10682,1
10683,0
10684,1
10685,0
10686,0
10687,0
10688,1
10689,0
10690,1
10691,1
10692,0
10693,1
10694,1
10695,0
10696,0
10697,1
10698,0
10699,0
10700,0
10701,0
10702,1
10703,1
10704,0
10705,0
10706,0
10707,0
10708,0
10709,0
10710,0
10711,1
10712,1
10713,1
10714,0
10715,0
10716,1
10717,0
10718,0
10719,1
10720,0
10721,0
10722,0
10723,1
10724,0
10725,0
10726,0
10727,0
10728,1
10729,1
10730,0
10731,0
10732,1
10733,0
10734,1
10735,0
10736,0
10737,1
10738,1
10739,0
10740,0
10741,0
10742,1
10743,0
10744,0
10745,0
10746,0
10747,0
10748,0
10749,0
10750,1
10751,1
10752,0
10753,1
10754,0
10755,0
10756,0
10757,1
10758,0
10759,0
10760,0
10761,1
10762,0
10763,1
10764,0
10765,0
10766,0
10767,1
10768,0
10769,0
10770,1
10771,0
10772,1
10773,1
10774,0
10775,1
10776,0
10777,0
10778,0
10779,0
10780,0
10781,0
10782,1
10783,1
10784,1
10785,0
10786,1
10787,0
10788,0
10789,1
10790,1
10791,1
10792,1
10793,0
10794,0
10795,0
10796,1
10797,1
10798,1
10799,1
10800,0
10801,0
10802,0
10803,0
10804,1
10805,0
10806,0
10807,0
10808,0
10809,0
10810,0
10811,0
10812,1
10813,0
10814,0
10815,0
10816,0
10817,0
10818,0
10819,0
10820,0
10821,1
10822,0
10823,1
10824,0
10825,0
10826,0
10827,0
10828,0
10829,0
10830,0
10831,0
10832,0
10833,0
10834,0
10835,0
10836,1
10837,0
10838,1
10839,1
10840,0
10841,0
10842,1
10843,1
10844,1
10845,1
10846,1
10847,0
10848,0
10849,1
10850,1
10851,0
10852,1
10853,1
10854,1
10855,0
10856,1
10857,0
10858,0
10859,0
10860,0
10861,1
10862,1
10863,0
10864,0
10865,0
10866,0
10867,0
10868,0
10869,0
10870,0
10871,1
10872,0
10873,0
10874,1
10875,1
10876,1
10877,1
10878,0
10879,0
10880,0
10881,1
10882,1
10883,0
10884,0
10885,0
10886,0
10887,1
10888,0
10889,1
10890,1
10891,1
10892,1
10893,0
10894,0
10895,0
10896,0
10897,0
10898,0
10899,1
10900,1
10901,0
10902,1
10903,1
10904,1
10905,0
10906,1
10907,1
10908,0
10909,0
10910,0
10911,1
10912,0
10913,0
10914,0
10915,1
10916,1
10917,0
10918,1
10919,1
10920,0
10921,1
10922,0
10923,0
10924,1
10925,1
10926,0
10927,1
10928,1
10929,0
10930,0
10931,0
10932,1
10933,0
10934,1
10935,0
10936,0
10937,0
10938,0
10939,0
10940,0
10941,0
10942,1
10943,0
10944,1
10945,1
10946,0
10947,0
10948,0
10949,1
10950,0
10951,1
10952,1
10953,1
10954,1
10955,0
10956,0
10957,0
10958,1
10959,1
10960,0
10961,0
10962,0
10963,1
10964,1
10965,1
10966,0
10967,0
10968,0
10969,0
10970,1
10971,0
10972,0
10973,0
10974,0
10975,0
10976,1
10977,0
10978,1
10979,0
10980,1
10981,1
10982,1
10983,1
10984,0
10985,0
10986,0
10987,0
10988,0
10989,1
10990,1
10991,1
10992,0
10993,0
10994,0
10995,1
10996,1
10997,0
10998,1
10999,1
11000,0
11001,0
11002,1
11003,0
11004,1
11005,0
11006,0
11007,1
11008,1
11009,0
11010,0
11011,0
11012,0
11013,1
11014,1
11015,0
11016,1
11017,1
11018,0
11019,0
11020,0
11021,0
11022,1
11023,0
11024,1
11025,1
11026,0
11027,0
11028,0
11029,0
11030,0
11031,0
11032,1
11033,1
11034,1
11035,1
11036,0
11037,0
11038,1
11039,0
11040,1
11041,0
11042,1
11043,1
11044,1
11045,1
11046,0
11047,1
11048,0
11049,1
11050,1
11051,0
11052,0
11053,0
11054,1
11055,1
11056,0
11057,0
11058,1
11059,1
11060,1
11061,0
11062,0
11063,1
11064,0
11065,0
11066,0
11067,0
11068,1
11069,0
11070,1
11071,0
11072,0
11073,0
11074,1
11075,0
11076,0
11077,1
11078,0
11079,0
11080,0
11081,1
11082,0
11083,0
11084,1
11085,1
11086,1
11087,0
11088,1
11089,0
11090,0
11091,0
11092,1
11093,1
11094,0
11095,0
11096,1
11097,0
11098,0
11099,0
11100,0
11101,1
11102,0
11103,1
11104,0
11105,1
11106,0
11107,0
11108,1
11109,1
11110,1
11111,1
11112,0
11113,1
11114,1
11115,0
11116,1
11117,0
11118,0
11119,1
11120,0
11121,0
11122,0
11123,0
11124,0
11125,1
11126,1
11127,0
11128,1
11129,1
11130,0
11131,0
11132,1
11133,0
11134,0
11135,0
11136,1
11137,0
11138,0
11139,0
11140,0
11141,1
11142,0
11143,0
11144,0
11145,1
11146,0
11147,1
11148,0
11149,1
11150,0
11151,1
11152,0
11153,0
11154,0
11155,1
11156,0
11157,1
11158,1
11159,0
11160,0
11161,1
11162,0
11163,1
11164,1
11165,0
11166,0
11167,1
11168,0
11169,0
11170,1
11171,0
11172,0
11173,0
11174,1
11175,0
11176,0
11177,0
11178,1
11179,1
11180,0
11181,0
11182,0
11183,1
11184,1
11185,1
11186,0
11187,0
11188,1
11189,1
11190,1
11191,0
11192,0
11193,0
11194,1
11195,1
11196,0
11197,1
11198,0
11199,0
11200,0
11201,1
11202,1
11203,1
11204,1
11205,0
11206,0
11207,0
11208,0
11209,0
11210,1
11211,1
11212,0
11213,1
11214,1
11215,1
11216,0
11217,0
11218,1
11219,0
11220,1
11221,0
11222,0
11223,1
11224,1
11225,0
11226,0
11227,0
11228,0
11229,1
11230,0
11231,0
11232,0
11233,0
11234,0
11235,0
11236,0
11237,0
11238,0
11239,0
11240,1
11241,0
11242,0
11243,0
11244,0
11245,0
11246,0
11247,0
11248,1
11249,0
11250,0
11251,0
11252,1
11253,1
11254,1
11255,1
11256,1
11257,1
11258,1
11259,0
11260,0
11261,1
11262,0
11263,1
11264,0
11265,0
11266,1
11267,0
11268,0
11269,1
11270,1
11271,1
11272,1
11273,1
11274,1
11275,1
11276,0
11277,1
11278,0
11279,0
11280,0
11281,1
11282,0
11283,0
11284,1
11285,1
11286,1
11287,0
11288,0
11289,0
11290,0
11291,1
11292,0
11293,0
11294,0
11295,1
11296,0
11297,1
11298,0
11299,0
11300,0
11301,0
11302,0
11303,1
11304,1
11305,0
11306,0
11307,0
11308,1
11309,1
11310,0
11311,0
11312,1
11313,1
11314,0
11315,1
11316,1
11317,0
11318,0
11319,0
11320,0
11321,1
11322,0
11323,1
11324,0
11325,0
11326,0
11327,0
11328,0
11329,1
11330,0
11331,0
11332,0
11333,1
11334,0
11335,0
11336,1
11337,0
11338,0
11339,0
11340,0
11341,1
11342,0
11343,0
11344,1
11345,1
11346,1
11347,1
11348,0
11349,1
11350,1
11351,0
11352,0
11353,1
11354,0
11355,0
11356,1
11357,0
11358,0
11359,0
11360,0
11361,0
11362,1
11363,1
11364,1
11365,0
11366,0
11367,0
11368,1
11369,1
11370,0
11371,0
11372,1
11373,0
11374,0
11375,0
11376,0
11377,0
11378,1
11379,0
11380,1
11381,0
11382,0
11383,0
11384,1
11385,1
11386,0
11387,0
11388,1
11389,0
11390,1
11391,0
11392,1
11393,1
11394,0
11395,1
11396,1
11397,0
11398,0
11399,1
11400,1
11401,1
11402,0
11403,1
11404,0
11405,0
11406,1
11407,1
11408,1
11409,1
11410,0
11411,0
11412,1
11413,1
11414,1
11415,0
11416,1
11417,0
11418,1
11419,1
11420,0
11421,1
11422,0
11423,1
11424,1
11425,0
11426,1
11427,0
11428,1
11429,0
11430,0
11431,0
11432,0
11433,1
11434,1
11435,1
11436,0
11437,0
11438,0
11439,0
11440,0
11441,1
11442,1
11443,0
11444,1
11445,0
11446,1
11447,0
11448,1
11449,0
11450,0
11451,1
11452,0
11453,0
11454,1
11455,0
11456,0
11457,0
11458,0
11459,0
11460,0
11461,1
11462,0
11463,1
11464,0
11465,0
11466,1
11467,0
11468,0
11469,0
11470,0
11471,0
11472,1
11473,0
11474,0
11475,1
11476,0
11477,1
11478,0
11479,0
11480,0
11481,0
11482,1
11483,0
11484,0
11485,1
11486,0
11487,0
11488,1
11489,0
11490,1
11491,1
11492,0
11493,1
11494,0
11495,0
11496,0
11497,0
11498,0
11499,0
11500,1
11501,1
11502,0
11503,0
11504,1
11505,1
11506,0
11507,0
11508,1
11509,1
11510,1
11511,1
11512,0
11513,0
11514,0
11515,1
11516,1
11517,0
11518,1
11519,0
11520,0
11521,1
11522,1
11523,1
11524,0
11525,1
11526,0
11527,0
11528,1
11529,0
11530,0
11531,0
11532,0
11533,1
11534,0
11535,0
11536,0
11537,0
11538,1
11539,0
11540,1
11541,1
11542,1
11543,0
11544,1
11545,1
11546,0
11547,0
11548,0
11549,0
11550,0
11551,0
11552,0
11553,0
11554,1
11555,0
11556,0
11557,0
11558,0
11559,1
11560,0
11561,0
11562,0
11563,0
11564,1
11565,1
11566,0
11567,1
11568,0
11569,0
11570,0
11571,1
11572,0
11573,0
11574,0
11575,0
11576,0
11577,1
11578,0
11579,0
11580,1
11581,1
11582,0
11583,0
11584,0
11585,0
11586,0
11587,1
11588,0
11589,1
11590,0
11591,1
11592,0
11593,1
11594,1
11595,0
11596,1
11597,1
11598,0
11599,0
11600,0
11601,1
11602,1
11603,0
11604,0
11605,0
11606,0
11607,1
11608,0
11609,0
11610,0
11611,1
11612,1
11613,1
11614,0
11615,0
11616,0
11617,1
11618,0
11619,1
11620,0
11621,0
11622,0
11623,0
11624,0
11625,0
11626,1
11627,0
11628,0
11629,1
11630,0
11631,1
11632,1
11633,0
11634,1
11635,0
11636,1
11637,1
11638,0
11639,1
11640,0
11641,0
11642,1
11643,0
11644,0
11645,1
11646,0
11647,0
11648,0
11649,0
11650,1
11651,0
11652,0
11653,1
11654,1
11655,0
11656,0
11657,0
11658,0
11659,1
11660,1
11661,0
11662,0
11663,0
11664,0
11665,1
11666,1
11667,1
11668,0
11669,0
11670,1
11671,0
11672,1
11673,0
11674,0
11675,1
11676,1
11677,1
11678,0
11679,1
11680,0
11681,1
11682,1
11683,0
11684,0
11685,0
11686,1
11687,0
11688,0
11689,1
11690,0
11691,0
11692,0
11693,1
11694,1
11695,1
11696,1
11697,0
11698,0
11699,0
11700,1
11701,0
11702,0
11703,0
11704,1
11705,0
11706,1
11707,1
11708,0
11709,0
11710,0
11711,1
11712,0
11713,1
11714,0
11715,0
11716,1
11717,1
11718,1
11719,1
11720,0
11721,1
11722,1
11723,1
11724,0
11725,1
11726,0
11727,1
11728,0
11729,1
11730,1
11731,0
11732,1
11733,0
11734,0
11735,1
11736,0
11737,1
11738,1
11739,1
11740,1
11741,0
11742,1
11743,0
11744,0
11745,0
11746,1
11747,0
11748,0
11749,1
11750,1
11751,0
11752,0
11753,1
11754,0
11755,1
11756,0
11757,0
11758,0
11759,1
11760,0
11761,1
11762,0
11763,1
11764,1
11765,1
11766,0
11767,0
11768,0
11769,1
11770,0
11771,1
11772,1
11773,0
11774,0
11775,1
11776,0
11777,1
11778,0
11779,0
11780,1
11781,1
11782,1
11783,1
11784,1
11785,0
11786,1
11787,0
11788,1
11789,0
11790,0
11791,0
11792,0
11793,1
11794,0
11795,1
11796,1
11797,1
11798,0
11799,1
11800,0
11801,0
11802,1
11803,1
11804,0
11805,1
11806,0
11807,1
11808,1
11809,0
11810,0
11811,0
11812,0
11813,1
11814,1
11815,0
11816,0
11817,1
11818,1
11819,1
11820,1
11821,1
11822,0
11823,1
11824,0
11825,0
11826,1
11827,1
11828,0
11829,1
11830,0
11831,0
11832,1
11833,1
11834,1
11835,1
11836,0
11837,1
11838,0
11839,1
11840,0
11841,1
11842,0
11843,0
11844,0
11845,0
11846,0
11847,0
11848,0
11849,0
11850,0
11851,0
11852,0
11853,0
11854,1
11855,1
11856,0
11857,0
11858,1
11859,1
11860,0
11861,1
11862,0
11863,1
11864,1
11865,0
11866,0
11867,1
11868,1
11869,0
11870,0
11871,0
11872,0
11873,0
11874,1
11875,0
11876,1
11877,1
11878,0
11879,1
11880,0
11881,0
11882,1
11883,1
11884,0
11885,0
11886,0
11887,1
11888,0
11889,1
11890,0
11891,1
11892,0
11893,0
11894,0
11895,0
11896,0
11897,0
11898,0
11899,0
11900,1
11901,0
11902,1
11903,1
11904,1
11905,1
11906,0
11907,0
11908,0
11909,1
11910,0
11911,0
11912,1
11913,0
11914,1
11915,1
11916,0
11917,1
11918,0
11919,1
11920,0
11921,0
11922,1
11923,0
11924,1
11925,0
11926,1
11927,1
11928,0
11929,0
11930,0
11931,1
11932,0
11933,0
11934,1
11935,1
11936,1
11937,0
11938,0
11939,0
11940,1
11941,0
11942,0
11943,0
11944,0
11945,0
11946,0
11947,1
11948,1
11949,0
11950,0
11951,0
11952,1
11953,0
11954,0
11955,1
11956,1
11957,0
11958,0
11959,0
11960,1
11961,0
11962,0
11963,1
11964,0
11965,1
11966,1
11967,0
11968,1
11969,0
11970,0
11971,1
11972,1
11973,0
11974,1
11975,1
11976,0
11977,1
11978,1
11979,1
11980,0
11981,0
11982,1
11983,1
11984,0
11985,0
11986,0
11987,0
11988,0
11989,1
11990,0
11991,1
11992,0
11993,1
11994,1
11995,1
11996,0
11997,0
11998,1
11999,0
12000,0
12001,0
12002,0
12003,0
12004,1
12005,0
12006,1
12007,0
12008,1
12009,1
12010,1
12011,1
12012,0
12013,1
12014,0
12015,1
12016,0
12017,0
12018,0
12019,0
12020,1
12021,1
12022,1
12023,1
12024,1
12025,1
12026,1
12027,0
12028,1
12029,1
12030,0
12031,0
12032,1
12033,0
12034,0
12035,1
12036,0
12037,1
12038,0
12039,0
12040,0
12041,1
12042,0
12043,0
12044,0
12045,1
12046,0
12047,0
12048,0
12049,0
12050,0
12051,0
12052,1
12053,0
12054,1
12055,0
12056,1
12057,1
12058,1
12059,0
12060,0
12061,0
12062,0
12063,0
12064,0
12065,1
12066,0
12067,0
12068,1
12069,1
12070,1
12071,0
12072,0
12073,1
12074,0
12075,0
12076,0
12077,0
12078,0
12079,1
12080,0
12081,1
12082,0
12083,0
12084,0
12085,0
12086,0
12087,0
12088,0
12089,0
12090,0
12091,0
12092,0
12093,0
12094,0
12095,0
12096,0
12097,0
12098,0
12099,1
12100,1
12101,1
12102,0
12103,1
12104,1
12105,0
12106,0
12107,1
12108,0
12109,1
12110,0
12111,1
12112,0
12113,1
12114,0
12115,1
12116,1
12117,1
12118,0
12119,1
12120,1
12121,0
12122,1
12123,0
12124,0
12125,1
12126,1
12127,0
12128,1
12129,1
12130,1
12131,0
12132,1
12133,0
12134,1
12135,0
12136,0
12137,0
12138,0
12139,0
12140,1
12141,0
12142,1
12143,1
12144,1
12145,0
12146,1
12147,0
12148,1
12149,0
12150,0
12151,1
12152,1
12153,0
12154,0
12155,0
12156,1
12157,0
12158,0
12159,1
12160,0
12161,0
12162,0
12163,0
12164,1
12165,1
12166,0
12167,0
12168,0
12169,0
12170,0
12171,1
12172,0
12173,1
12174,1
12175,0
12176,1
12177,0
12178,0
12179,0
12180,1
12181,0
12182,1
12183,1
12184,0
12185,0
12186,0
12187,0
12188,0
12189,0
12190,0
12191,1
12192,1
12193,1
12194,0
12195,1
12196,1
12197,0
12198,1
12199,0
12200,0
12201,0
12202,1
12203,0
12204,0
12205,0
12206,0
12207,0
12208,1
12209,1
12210,1
12211,0
12212,0
12213,1
12214,0
12215,0
12216,1
12217,1
12218,0
12219,0
12220,1
12221,0
12222,1
12223,0
12224,1
12225,0
12226,1
12227,1
12228,1
12229,1
12230,0
12231,1
12232,0
12233,1
12234,0
12235,0
12236,1
12237,0
12238,1
12239,0
12240,0
12241,0
12242,0
12243,1
12244,0
12245,0
12246,1
12247,0
12248,1
12249,1
12250,0
12251,0
12252,1
12253,1
12254,1
12255,0
12256,0
12257,0
12258,0
12259,1
12260,0
12261,0
12262,0
12263,0
12264,1
12265,0
12266,1
12267,1
12268,1
12269,0
12270,1
12271,1
12272,1
12273,1
12274,0
12275,0
12276,1
12277,0
12278,0
12279,0
12280,0
12281,1
12282,1
12283,0
12284,0
12285,0
12286,1
12287,1
12288,0
12289,1
12290,1
12291,1
12292,1
12293,1
12294,0
12295,1
12296,0
12297,1
12298,1
12299,0
12300,0
12301,0
12302,0
12303,1
12304,0
12305,0
12306,0
12307,0
12308,0
12309,1
12310,0
12311,0
12312,0
12313,0
12314,0
12315,0
12316,0
12317,0
12318,0
12319,0
12320,0
12321,0
12322,1
12323,0
12324,1
12325,0
12326,1
12327,1
12328,1
12329,0
12330,0
12331,1
12332,0
12333,0
12334,1
12335,1
12336,1
12337,1
12338,0
12339,0
12340,1
12341,1
12342,0
12343,0
12344,1
12345,1
12346,0
12347,0
12348,1
12349,0
12350,0
12351,0
12352,1
12353,0
12354,1
12355,1
12356,0
12357,0
12358,1
12359,1
12360,0
12361,0
12362,0
12363,0
12364,0
12365,1
12366,1
12367,1
12368,1
12369,0
12370,0
12371,0
12372,1
12373,0
12374,1
12375,1
12376,0
12377,0
12378,0
12379,1
12380,1
12381,0
12382,1
12383,0
12384,1
12385,0
12386,0
12387,0
12388,0
12389,1
12390,1
12391,0
12392,1
12393,0
12394,0
12395,1
12396,0
12397,1
12398,1
12399,0
12400,1
12401,0
12402,1
12403,0
12404,0
12405,1
12406,0
12407,0
12408,0
12409,1
12410,0
12411,1
12412,0
12413,1
12414,0
12415,1
12416,0
12417,1
12418,0
12419,1
12420,0
12421,0
12422,1
12423,0
12424,1
12425,1
12426,1
12427,0
12428,0
12429,0
12430,1
12431,0
12432,0
12433,0
12434,0
12435,0
12436,0
12437,0
12438,0
12439,0
12440,1
12441,0
12442,0
12443,1
12444,0
12445,0
12446,0
12447,1
12448,0
12449,0
12450,0
12451,0
12452,1
12453,0
12454,0
12455,0
12456,1
12457,1
12458,1
12459,0
12460,0
12461,0
12462,0
12463,1
12464,0
12465,0
12466,0
12467,0
12468,0
12469,1
12470,1
12471,1
12472,0
12473,0
12474,0
12475,1
12476,0
12477,1
12478,1
12479,0
12480,1
12481,0
12482,0
12483,1
12484,0
12485,1
12486,0
12487,1
12488,0
12489,1
12490,1
12491,0
12492,0
12493,0
12494,1
12495,1
12496,1
12497,1
12498,0
12499,0
12500,1
12501,0
12502,0
12503,0
12504,0
12505,0
12506,1
12507,1
12508,1
12509,0
12510,0
12511,0
12512,1
12513,0
12514,1
12515,0
12516,0
12517,1
12518,0
12519,0
12520,0
12521,0
12522,0
12523,0
12524,1
12525,0
12526,0
12527,1
12528,1
12529,0
12530,1
12531,0
12532,0
12533,0
12534,0
12535,0
12536,0
12537,0
12538,1
12539,1
12540,0
12541,0
12542,0
12543,1
12544,0
12545,0
12546,1
12547,0
12548,0
12549,0
12550,1
12551,1
12552,0
12553,0
12554,0
12555,1
12556,0
12557,0
12558,0
12559,0
12560,0
12561,1
12562,0
12563,1
12564,0
12565,0
12566,0
12567,0
12568,0
12569,0
12570,0
12571,0
12572,0
12573,0
12574,1
12575,1
12576,0
12577,0
12578,0
12579,0
12580,1
12581,1
12582,0
12583,0
12584,0
12585,0
12586,1
12587,1
12588,0
12589,0
12590,0
12591,1
12592,1
12593,0
12594,0
12595,0
12596,0
12597,0
12598,0
12599,0
12600,0
12601,0
12602,1
12603,0
12604,1
12605,0
12606,1
12607,1
12608,1
12609,1
12610,1
12611,0
12612,0
12613,0
12614,1
12615,0
12616,1
12617,1
12618,0
12619,1
12620,0
12621,1
12622,1
12623,0
12624,1
12625,1
12626,1
12627,0
12628,0
12629,0
12630,0
12631,0
12632,0
12633,1
12634,1
12635,1
12636,0
12637,0
12638,0
12639,0
12640,1
12641,0
12642,0
12643,1
12644,0
12645,1
12646,0
12647,0
12648,0
12649,0
12650,1
12651,0
12652,1
12653,0
12654,1
12655,0
12656,0
12657,1
12658,1
12659,0
12660,1
12661,1
12662,1
12663,0
12664,0
12665,1
12666,0
12667,1
12668,0
12669,0
12670,0
12671,0
12672,1
12673,1
12674,1
12675,1
12676,1
12677,1
12678,0
12679,0
12680,0
12681,0
12682,0
12683,1
12684,1
12685,1
12686,1
12687,1
12688,0
12689,0
12690,1
12691,0
12692,0
12693,1
12694,0
12695,1
12696,1
12697,1
12698,1
12699,0
12700,0
12701,0
12702,0
12703,1
12704,1
12705,0
12706,1
12707,1
12708,0
12709,1
12710,1
12711,1
12712,0
12713,0
12714,1
12715,0
12716,1
12717,1
12718,1
12719,0
12720,1
12721,1
12722,1
12723,1
12724,0
12725,0
12726,0
12727,1
12728,0
12729,1
12730,1
12731,1
12732,1
12733,0
12734,0
12735,0
12736,1
12737,0
12738,1
12739,1
12740,0
12741,1
12742,0
12743,1
12744,0
12745,1
12746,0
12747,1
12748,0
12749,1
12750,0
12751,0
12752,1
12753,0
12754,0
12755,1
12756,1
12757,1
12758,0
12759,1
12760,1
12761,0
12762,1
12763,1
12764,1
12765,1
12766,1
12767,1
12768,0
12769,0
12770,1
12771,0
12772,0
12773,1
12774,1
12775,0
12776,0
12777,1
12778,0
12779,1
12780,0
12781,1
12782,1
12783,0
12784,0
12785,1
12786,0
12787,1
12788,0
12789,1
12790,0
12791,0
12792,1
12793,0
12794,1
12795,1
12796,0
12797,1
12798,0
12799,1
12800,0
12801,1
12802,0
12803,1
12804,0
12805,0
12806,0
12807,0
12808,1
12809,0
12810,0
12811,0
12812,0
12813,0
12814,0
12815,1
12816,0
12817,1
12818,1
12819,0
12820,0
12821,0
12822,1
12823,0
12824,1
12825,0
12826,0
12827,0
12828,0
12829,0
12830,1
12831,0
12832,0
12833,0
12834,0
12835,0
12836,0
12837,1
12838,1
12839,0
12840,1
12841,0
12842,1
12843,0
12844,0
12845,0
12846,0
12847,1
12848,0
12849,0
12850,0
12851,0
12852,0
12853,1
12854,0
12855,0
12856,0
12857,0
12858,1
12859,1
12860,1
12861,0
12862,1
12863,0
12864,0
12865,0
12866,0
12867,0
12868,1
12869,0
12870,0
12871,0
12872,1
12873,0
12874,0
12875,1
12876,0
12877,0
12878,1
12879,1
12880,0
12881,0
12882,1
12883,1
12884,1
12885,1
12886,0
12887,1
12888,0
12889,0
12890,1
12891,0
12892,0
12893,0
12894,0
12895,1
12896,1
12897,0
12898,1
12899,0
12900,0
12901,1
12902,0
12903,1
12904,0
12905,1
12906,1
12907,0
12908,1
12909,0
12910,1
12911,1
12912,0
12913,0
12914,0
12915,1
12916,1
12917,1
12918,0
12919,1
12920,1
12921,1
12922,1
12923,1
12924,1
12925,0
12926,1
12927,1
12928,0
12929,0
12930,1
12931,1
12932,1
12933,1
12934,1
12935,1
12936,1
12937,0
12938,1
12939,0
12940,0
12941,1
12942,1
12943,1
12944,0
12945,0
12946,1
12947,1
12948,0
12949,0
12950,1
12951,0
12952,0
12953,1
12954,0
12955,0
12956,1
12957,0
12958,1
12959,1
12960,0
12961,1
12962,0
12963,0
12964,0
12965,0
12966,0
12967,0
12968,0
12969,1
12970,0
12971,1
12972,0
12973,0
12974,0
12975,1
12976,0
12977,1
12978,0
12979,1
12980,1
12981,1
12982,0
12983,1
12984,0
12985,1
12986,0
12987,1
12988,0
12989,0
12990,1
12991,0
12992,0
12993,0
12994,0
12995,1
12996,1
12997,1
12998,1
12999,1
13000,1
13001,0
13002,0
13003,0
13004,1
13005,0
13006,1
13007,0
13008,1
13009,0
13010,0
13011,1
13012,1
13013,1
13014,1
13015,0
13016,0
13017,0
13018,0
13019,0
13020,0
13021,0
13022,0
13023,1
13024,1
13025,0
13026,0
13027,0
13028,0
13029,0
13030,1
13031,0
13032,1
13033,0
13034,1
13035,1
13036,1
13037,1
13038,1
13039,1
13040,1
13041,1
13042,0
13043,0
13044,1
13045,0
13046,0
13047,1
13048,0
13049,1
13050,0
13051,1
13052,1
13053,0
13054,1
13055,0
13056,0
13057,1
13058,1
13059,0
13060,1
13061,0
13062,0
13063,0
13064,0
13065,1
13066,0
13067,0
13068,0
13069,0
13070,0
13071,1
13072,0
13073,0
13074,0
13075,0
13076,1
13077,1
13078,0
13079,0
13080,1
13081,0
13082,0
13083,0
13084,1
13085,1
13086,0
13087,0
13088,1
13089,0
13090,1
13091,1
13092,1
13093,1
13094,0
13095,1
13096,0
13097,1
13098,0
13099,0
13100,0
13101,1
13102,0
13103,0
13104,0
13105,0
13106,0
13107,1
13108,1
13109,0
13110,0
13111,0
13112,0
13113,0
13114,1
13115,0
13116,0
13117,0
13118,1
13119,0
13120,0
13121,0
13122,1
13123,0
13124,0
13125,1
13126,1
13127,0
13128,1
13129,1
13130,1
13131,1
13132,1
13133,1
13134,0
13135,0
13136,0
13137,1
13138,1
13139,1
13140,1
13141,1
13142,1
13143,0
13144,1
13145,1
13146,1
13147,0
13148,0
13149,0
13150,0
13151,1
13152,1
13153,0
13154,0
13155,1
13156,0
13157,1
13158,0
13159,0
13160,0
13161,1
13162,1
13163,0
13164,1
13165,0
13166,0
13167,0
13168,1
